title,content,score,score2,score3,score4
해킹한 비트코인 세탁한 부부…美 사상 최대 4조3000억원 압류,"FILE PHOTO: A representation of the virtual cryptocurrency Bitcoin is seen in this picture illustration taken October 19, 2021. REUTERS/Edgar Su/File Photo[헤럴드경제=한지숙 기자] 미국 법무부는 8일(현지시간) 수조 원대에 달하는 도난 비트코인의 돈세탁을 공모한 혐의로 미국인 2명을 기소했다.AP통신 등에 따르면 법무부는 이날 뉴욕 맨해튼에 거주하는 일리야 리히텐슈타인(34세)과 그의 아내 헤더 모건(21세)을 11만9754개의 비트코인에 대한 돈세탁 공모 혐의 등으로 기소했다.법무부는 이들로부터 36억 달러(4조3000억 원)에 달하는 비트코인을 압류했다고 밝혔다.리자 모나코 법무차관은 성명에서 지금까지 법무부가 행한 금융 압류 중 최대 규모라면서 ""가상자산이 범죄자들의 안전한 피난처가 아님을 보여준다""고 말했다.이들 부부가 세탁하려 한 가상자산은 지난 2016년 홍콩 가상자산 거래소인 비트피넥스에서 해킹으로 도난당한 비트코인이다.당시 피해액은 7100만 달러(850억 원)로 역대 최대 규모였다. 하지만 이후 비트코인 가격이 오르면서 현재는 45억 달러(5조4000억 원)에 달한다는 것이 법무부의 설명이다.법무부는 이들 부부가 도난당한 비트코인을 디지털 지갑으로 넘겨받은 뒤 가짜 신분으로 온라인 계정을 만들어 온라인 암시장인 '다크넷'을 이용해 자금을 인출하는 등 정교한 세탁 수법을 사용했다고 밝혔다.또 수백만 달러를 비트코인 자동 입출금기(ATM)를 통해 인출해 금과 대체불가토큰(NFT), 월마트 기프트카드 등을 구입하는 데 사용한 것으로 전해졌다.다만 이 부부는 비트피넥스를 해킹한 혐의로는 기소되지 않았다.이들 부부는 돈세탁 혐의로 최대 20년, 미국 정부를 속인 혐의로 최대 5년의 징역형을 선고 받을 수 있다고 법무부는 밝혔다.비트피넥스는 성명을 내고 도난당한 비트코인 회수라는 권리 행사를 위해 법무부와 협력하고 있다고 밝혔다.",0.0,0.0,0.8,-1.0
23년만에 정부 품 떠나는 우리금융…유진PE·두나무 새주주(종합),"우리금융우리금융지주가 23년 만에 사실상 '완전 민영화'된다. 최대주주인 예금보험공사(이하 예보)가 보유한 우리금융 지분 9.3%를 민간에 매각키로 하면서다. 유진 PE(프라이빗에쿼티)와 KTB자산운용, 얼라인파트너스컨소시엄, 두나무 등 4개사가 우리금융 새주주가 되며, 이중 지분 4%를 인수하는 유진 PE는 사외이사 추천권을 통해 우리금융 경영에도 참여한다.━유진PE, KTB자산운용, 두나무 등 새주주…낙찰가 1만3000원 초중반, 원금회수주가 '훌쩍'━금융위원회 산하 공적자금관리위원회(공자위)는 22일 회의를 열고 예보가 보유한 우리금융 지분 9.3%를 5곳에 매각하는 안을 의결했다.우선 유진PE가 우리금융 지분 4%를 낙찰받아 사외이사 추천권을 얻게 됐다. 또 KTB자산운용이 2.3%, 얼라인파트너스컨소시엄이 1%, 두나무가 1%, 우리금융 우리사주조합이 1%의 지분을 각각 낙찰 받았다.다음달 9일까지 매각 절차가 완료되면 우리금융은 1998년 구(舊) 한일·상업은행에 공적자금이 투입된 지 23년만에 사실상 완전 민영화에 성공한다. 최대주주 지위를 상실하는 예보 대신 우리사주조합이 최대주주 지위를 획득하고, 국민연금이 2대주주가 된다. 지분이 15.1%에서 5.8%로 줄어드는 예보는 빠른 시일 내 남은 지분도 민간에 매각할 방침이다.공자위는 모든 낙찰자들의 입찰가가 1만3000원을 초과했다고 공개했다. 이른바 원금회수주가인 1만2056원을 훌쩍 넘긴 1만3000원 초중반대에 낙찰가가 형성된 것으로 전해졌다. 이번 매각을 통해 약 8977억원이 회수될 것으로 예상되며, 매각 완료 시 우리금융에 투입된 12조8000억원의 공적자금 중 12조3000억원(회수율 96.6%)이 회수된다. 예보가 나머지 지분 5.8%를 주당 1만193원 이상으로만 팔면 우리금융에 투입된 공적자금 전액을 회수할 수 있게 되는 셈이다.무엇보다 정부 품을 떠나게 되는 우리금융이 '정부 소유 금융지주회사'라는 디스카운트(가격 할인) 요인이 사라지면서 예보가 보유한 잔여지분 매각에 대한 추가이익 가능성도 높아졌다는 평가다.━예보 비상임이사 선임권 상실…명실 상부 '과점주주 중심 지배구조' 구축━아울러 우리금융은 과점주주 중심의 지배구조를 공고히 한다. 대주주이지만 사외이사 추천 권한은 없는 우리사주조합과 국민연금을 대신해 IMM PE(5.57%), 한국투자증권(3.77%), 키움증권(3.73%), 한화생명(3.16%), 푸본생명(3.97%) 등 기존 과점주주에 더해 이번에 4% 지분을 새로 취득하는 유진 PE까지 6곳의 과점주주가 각각 한명씩의 사외이사를 추천하게 된다. 예보는 현 김홍태 비상임이사 임기 만료 예정인 내년 3월 이후 우리금융 비상임이사 선임권을 상실한다.업계에선 유진PE와 KTB자산운용 등이 우리금융의 사업적 안정성과 배당 등에 매력을 느껴 투자에 참여한 것으로 분석한다. 앞서 KTB투자증권에 매각한 유진저축은행 경영 경험이 있는 유진그룹은 계열 PEF 운용사인 유진PF를 통해 우리은행과의 연계사업도 염두에 두고 투자에 나섰다는 해석이 지배적이다. KTB자산운용은 예전부터 우리금융을 눈여겨봐 온 회사다. 2016년 예보가 보유한 우리금융 지분을 매각할 때도 입찰에 참여했지만 당시 경쟁에선 밀렸다.가상자산(암호화폐) 거래소 업비트를 운영하는 두나무는 이번 인수전에서 가장 높은 입찰가를 써낸 것으로 알려졌다. 지분 인수에 강한 의지를 드러내 왔다. 우리금융 지분 일부를 확보하면서 향후 업비트 사업에도 도움이 될 것이란 전망이다. 벌써부터 케이뱅크가 아닌 우리은행이 업비트 실명계좌를 발급해 줄 가능성도 제기된다.한편 공자위는 낙찰자의 낙찰포기 가능성에 대비한 예비 낙찰자도 선정했다. 다만 차순위 낙찰예정자 명단은 공개하지 않았다. 지난 18일 마감된 본입찰에는 낙찰자들 외에 하림그룹, 한국투자금융지주, 호반건설, ST인터내셔널(옛 삼탄) 등이 참여한 상태다.공자위 관계자는 ""입찰자 평가 순위에 따라 차순위 낙찰 예정자가 결정됐다""며 ""낙찰 포기 물량 발생시 차순위 낙찰 예정자 순서대로 매각 물량을 재배정 할 수 있다""고 밝혔다.",0.0,0.0,0.8,0.8
"파라과이 ‘골든구스 프로젝트’ 홈페이지 오픈, 프리세일 진행","(사진=골든구스)[이데일리 장구슬 기자] 골든구스 프로젝트(Golden Goose)를 진행 중인 커먼즈 재단이 오는 10일 골든구스 홈페이지를 통해 골드토큰 프리세일(Pre-Sale)을 시작한다고 밝혔다.골든구스 프로젝트는 파라과이의 지원과 협력을 통해 파라과이에 세계 최대 규모의 암호화폐 채굴센터와 글로벌 암호화폐 거래소 설립을 위한 프로젝트로 지난해 11월 파라과이 조인트벤처와 관련 계약을 체결했다. 이 계약은 세계 최대의 청정에너지를 생산하는 이타이푸 수력발전소 부근에 500MW급 변전소를 포함한 채굴센터 부지 총 25만㎡ 규모의 부지, 저렴하고 안정적인 전력요금, 인터넷 전용망, 인프라 확보 등이 포함돼 있다. 지난 2월28일엔 골든구스 프로젝트의 홈페이지가 한국어, 영어, 스페인어 3개 언어로 오픈했으며 3월 내 일본어와 중국어도 지원할 예정이다. 골든구스 토큰 프리세일은 홈페이지를 통해 참여가 가능하다.이번 프리세일을 포함한 모든 프로젝트의 참여는 비트코인(BTC), 이더리움(ETH), 마이크로비트코인(MBC)으로 기부하고 골든구스 토큰(GOLD)을 기부자가 참여율에 따라 받는 방식으로 진행된다.골든구스 팀은 비트퓨리의 BBAC 장비 4대 주문을 시작으로 임시채굴센터 건립 및 가동을 본격적으로 시작할 예정이며, 프리세일 참여자들은 빠르면 2019년 2~3분기부터 기부보상을 받을 수 있을 것이라고 밝혔다. 프로젝트를 이끌고 있는 커먼즈 재단의 최용관 이사장은 “골든구스 프로젝트는 남미에 초대형 블록체인 생태계를 조성하는 첫 사례로 파라과이, 비트퓨리, 골든구스 팀, 나아가 이해관계자 모두의 성장과 성공으로 이어질 것이며 최고의 파트너들과 함께 전 세계 블록체인 생태계 환경을 새롭게 조성할 것”이라고 전했다.장구슬 (guseul@edaily.co.kr)네이버 홈에서 ‘이데일리’ 기사 보려면 [구독하기▶]꿀잼가득 [영상보기▶] , 빡침해소!청춘뉘우스~ [스냅타임▶]＜ⓒ종합 경제정보 미디어 이데일리 - 무단전재 &amp; 재배포 금지＞",0.0,0.0,0.8,0.8
"美 SEC, NFT 판매 업체도 기소…비트코인 3530만원대 보합세[코인브리핑]","SEC, NFT 판매한 미디어 기업에 ""미등록 증권 판매 혐의"" 주장비트코인 ETF 신청 건 일부, 이번주 심사 기한 도래…연장 유력게리 겐슬러 미 증권거래위원회(SEC) 위원장이 2022년 9월 15일 워싱턴 DC 국회의사당에서 열린 청문회에 참석했다. ⓒ AFP=뉴스1(서울=뉴스1) 박현영 기자 = ◇비트코인, 여전히 보합세…2만6000달러 지지선이번주 나올 미국 물가 및 고용 지표를 앞두고 뉴욕 증시가 상승한 가운데, 비트코인(BTC)을 비롯한 주요 가상자산(암호화폐) 가격은 큰 변함 없이 보합세를 유지하고  있다. 이달 하락분을 회복하지 못하고 있는 모습이다.역사적으로 비트코인 가격이 9월에 하락세를 보인데다, 미 증권거래위원회(SEC)가 대체불가능토큰(NFT)을 처음으로 규제하면서 규제 불확실성이 확대된 영향으로 풀이된다. 29일 오전 9시 50분 업비트 기준 국내 비트코인(BTC) 가격은 전날 같은 시간과 0.01% 떨어진 3533만원에 거래되고 있다.같은 시간 코인마켓캡 기준 해외 비트코인 가격은 전날 같은 시간보다 0.08% 오른 2만6105달러를 기록하고 있다. 코인텔레그래프 등 주요 외신은 가격 지지선을 2만6000달러로 분석했다. 통상 지지선 밑으로 가격이 떨어질 경우 추가 하락 가능성이 있다.시장은 이번주 후반 나올 물가 및 고용 지표에 주목하고 있다. 오는 31일에는 연방준비제도(연준)가 선호하는 인플레이션 지표인 개인소비지출(PCE) 가격 지수가, 9월 1일에는 8월 비농업 부문 신규 고용자 수 및 실업률이 발표된다.◇미 SEC, NFT에도 규제 칼날…판매 기업에 '미등록 판매' 혐의미 SEC가 NFT 형태의 미등록증권을 판매한 혐의로 미국 미디어 기업 '임팩트 띠어리(Impact Theory)'를 기소했다. SEC가 NFT 판매에 대해 집행 조치를 내린 첫 사례다.임팩트 띠어리는 엔터테인먼트 및 교육 분야 팟캐스트를 제작하는 업체로, '창업자의 키(Founder's Keys)'라는 NFT를 판매해 3000만달러의 매출을 올렸다. 이 과정에서 임팩트 띠어리는 ""회사를 '차세대 디즈니'로 키우기 위해 노력하고 있다""고 강조했다. 이에 SEC는 임팩트 띠어리가 NFT 구매를 회사 사업에 대한 투자로 간주하게끔 했다고 판단했다. 임팩트 띠어리와 NFT 구매자 간 투자 계약이 성립하므로 '창업자의 키' NFT는 사실상 증권이라는 것이다. 임팩트 띠어리는 해당 NFT를 증권으로 등록하지 않은 채 판매했다. 따라서 미등록 증권을 판매해 증권법을 위반한 혐의를 받는다고 SEC는 주장했다.◇SEC 위원 2명 ""NFT, SEC 관할로 보기 어렵다""…집행 조치 비판미 SEC가 NFT 판매에 대한 첫 집행 조치를 내린 가운데, SEC 위원 중 두 명은 이 같은 조치에 반대하는 성명을 냈다.28일(현지시간) 헤스터 피어스, 마크 우에다 위원은 성명을 내고 ""SEC가 이 NFT 판매에 어떤 우려를 하고 있는지 이해한다""면서도 ""그 우려가 NFT를 SEC 관할로 끌어들이기에 충분한 근거는 아니다""라고 밝혔다.그 이유로는 △임팩트 띠어리의 NFT가 회사에 대한 지분을 의미하는 것이 아닌 점 △NFT에 대한 배당이 없는 점 등을 들었다. 두 위원은 ""NFT에 대한 첫 집행 조치이기 때문에 이번 조치는 많은 의문을 제기하게끔 한다""며 ""SEC는 NFT가 처음 확산되기 시작했을 때 정확한 관련 지침을 내놨어야 한다""고 지적했다.◇SEC, 주말 전 비트코인 ETF 심사…기한 연기 유력미국 노동절 주말을 앞두고 비트코인 현물 상장지수펀드(ETF) 심사 기한이 다가오고 있다. 이에 SEC가 주말 전 심사 연장을 발표할 가능성이 높다는 보도가 나왔다.28일(현지시간) 블룸버그는 SEC가 노동절 주말 직전 비트와이즈, 블랙록, 반에크, 위즈덤트리, 인베스코의 비트코인 ETF 신청에 응답할 것으로 예상된다고 보도했다. SEC는 승인 또는 거부하거나, 심사를 연장할 수 있다. 현재로선 심사 연장이 유력하다. 특히 비트와이즈의 신청은 9월 1일 금요일까지 검토돼야 한다. 블랙록, 반에크 등 나머지 기업의 신청 건은 다음날인 9월 2일까지 검토할 수 있다. 이달 초 SEC는 아크인베스트가 신청한 비트코인 현물 ETF 심사 기한을 연기한 바 있다.",0.0,0.5,0.5,-0.5
“블록체인으로 숙박공유 등 공유경제 신뢰성 확보”,"UCL 블록체인 테크놀로지센터 상임위원 특별강연 블록체인 기술을 활용해 차량·숙박공유 등 공유경제 서비스 참여자 간 신뢰성을 높일 수 있다는 제언이 나왔다.  얍컴퍼니는 지난 22일 서울 종로구 본사에서 ‘새로운 경제 패러다임 안에서 블록체인의 역할’이라는 주제로 특별강연을 진행했다고 23일 밝혔다.         파올로 타스카(Paolo Tasca) UCL 블록체인 테크놀로지센터 상임위원이 22일 서울 종로구 얍컴퍼니 라운지에서 열린 '블록체인 이코노미' 특강에서 강연을 진행하고 있다. /사진=얍컴퍼니    이날 기조연설을 맡은 영국 유니버시티 칼리지 런던(UCL) 블록체인 테크놀로지센터의 파올로 타스카 상임위원은 블록체인이 기술로써 가지고 있는 이중성에 대해 강조했다. 또한 정보통신기술(ICT) 차원의 블록체인과 기관 기술로서의 블록체인을 구분해 설명했다.  특히 새로운 경제 패러다임인 공유경제와 관련, 블록체인 기술이 신뢰성을 확보할 수 있다는 점을 강조했다. 파올로 타스카 상임위원은 “공유경제에서 가장 중요한 것은 사람들 간의 신뢰관계”라며 “이를 가장 잘 실현시킬 수 있는 것이 블록체인”이라고 말했다.  또한 그는 한국의 블록체인 및 암호화폐 규제 환경에 대해서 민관협력의 중요성을 시사했다. 타스카 상임위원은 “중국이 규제로 나가고 있는 지금 블록체인과 관련해 한국은 기회의 땅”이라며 “중국과 연계해서 동남아시아와 글로벌로 성장할 수 있는 기회이기도 하다”고 말했다.  이번 행사를 주도한 얍컴퍼니 박성재 전략부문 대표는 “플랫폼이 사라지는 블록체인 시대에 기술을 선도하기 위해 관련 회사들과 오랜 시간 협력하고 있다”며 “심도 있는 자문을 구하기 위해 세계적인 석학을 초청했다”고 행사 의의를 전했다.  파올로 타스카 박사는 스위스 취리히연방공과대(ETH)에서 경제학 박사 학위를 취득하고, 유럽연합(EU), UN 블록체인 자문위원, 영국 UCL 블록체인 테크놀로지센터 설립자 겸 상임위원으로 활동하고 있다. elikim@fnnews.com 김미희 기자   ▶ 세상의 모든 골 때리는 이야기 'fn파스'▶ 속보이는 연예뉴스 fn스타  ※ 저작권자 ⓒ 파이낸셜뉴스. 무단 전재-재배포 금지",0.0,0.0,0.8,0.8
"파월 고집까지 꺾은 무서운 인플레이션, 국내 상황은","[이정훈의 주간 경제일정 브리핑] 10월 5일~8일9월 소비자물가지수, 6일 발표…6개월째 2%대 전망공공요금 인상 우려까지 가세…정부도 모니터링 격상5일부터 기재부·산자부 등 경제부처 줄줄이 국정감사[이데일리 이정훈 기자] 당초 전망과 달리 연말을 향해 가는 상황에서도 국내 인플레이션(물가 상승)이 쉽사리 가라 앉지 않고 있다. 이번 주 중반인 6일에 공개되는 9월 소비자물가지수도 2%대 상승률을 기록하며 이 같은 우려를 높일 것으로 보인다. 홍남기 경제부총리 겸 기획재정부 장관 (사진=연합뉴스)또 지난 주말부터 시작된 문재인 정부 하에서의 마지막 정기국회 국정감사가 이번 주 본격화하면서 기획재정부와 산업통상자원부, 공정거래위원회 등 주요 경제부처들에 대한 국감도 5일부터 잇달아 열린다. 내년까지 이어지는 초슈퍼예산과 재정확장 기조를 둘러싼 논쟁부터 탄소중립, 카카오를 비롯한 플랫폼 사업자에 대한 규제 이슈까지 두루 도마 위에 오를 것으로 예상된다. `국내 인플레 현 주소` 소비자물가 6일 공개“인플레이션은 일시적”이라며 고집스럽게 주장하던 제롬 파월 연방준비제도(Fed·연준) 의장 마저 “결국엔 정상 수준으로 떨어지겠지만 인플레이션이 생각보다는 더 오래 상승흐름을 타면서 내년까지 이어질 수 있다”며 전망을 바꾸자 글로벌 금융시장이 크게 흔들리고 있다. 이런 가운데 국내에서도 불안한 인플레이션 현 주소를 보여줄 9월 소비자물가지수가 6일 공개된다. 통계청이 발표할 9월 소비자물가 상승률은 전년동월대비 2%를 넘어설 것으로 관측되고 있다. 통상 한 달 정도 시차를 두고 소비자물가에 반영되는 생산자물가가 8월에 역대 최고인 7.3%까지 올랐기 때문이다.국내 소비자물가는 올 4월부터 8월까지 5개월 연속 전년동월대비 2%대 상승폭을 기록 중이다. 이는 2017년 1~5월 이후 4년여 만에 처음으로, 9월에도 2%대를 기록한다면 그 흐름은 6개월 연속 이어지게 된다. 농축수산물은 같은 기간 7.8% 올라 높은 수준을 유지하고 있고 국제유가 상승 영향으로 석유류가 21.6% 급등하면서 전체 물가를 끌어올리는 상황이다. 그러나 농산물과 석유류를 빼고도 근원 물가가 8월 전년동월대비 1.8% 올라 2017년 8월(1.8%) 이후 최고 상승폭을 기록한 데서 알 수 있듯이 인플레이션은 이제 기조적으로 이어질 수 있다는 우려까지 나온다. 경제협력개발기구(OECD)는 지난달 21일 발표한 중간경제 전망에서 올해 한국의 소비자물가 상승률을 1.8%에서 2.2%로 높였다. 소비자물가 상승률이 4분기 정점 이후 점차 안정화되겠지만 코로나 이전보다 높은 수준이 유지될 것으로 예상했다. 지난 1일에도 한국은행은 중국 기업들이 원가 상승 압박을 대외 부문으로 일부 전가하는 양상으로 보이면서 연초 안정적이던 수출 물가가 하반기 들어 크게 상승했다고 진단했다. 중국이 원자재발(發) 인플레이션을  전 세계에 수출한다는 의미다. 게다가 4분기 전기요금이 전분기대비 3원 오르면서 공공요금 인상에 따른 물가 추가 상승도 예상되고 있다. 또 기재부가 전기요금 등 이미 결정된 공공요금을 제외하고 나머지 공공요금을 연말까지 최대한 동결하기로 했는데도 산자부는 도시가스 요금 인상 재협의를 요구하며 버티는 형국이다. 상황이 이렇게 되자 기획재정부와 공정위를 중심으로 농림축산식품부, 산업통상자원부, 국토교통부, 해양수산부, 행정안전부 등 정부부처는 물가 모니터링 강도를 최근 격상했다. 글로벌 인플레이션 우려와 원자재 가격 상승 등 상황에서 물가 불안 심리가 확산할 수 있다고 보고 서민 생활과 밀접한 각 부처가 물가 감시에 나서기로 했다. 5일부터 주요 경제부처들 잇달아 국정감사정기국회 국정감사 이틀 째인 5일부터 주요 경제부처들을 상대로 한 국감이 본격적으로 열린다. 우선 5일과 6일 기재부에 대한 국감이 열리는데, 5일에는 경제·재정책, 6일은 조세정책 위주로 진행된다. 문 정부 들어 확장적 재정정책 기조를 유지하면서 재정 지출은 꾸준히 늘었고 이에 국가채무도 가파르게 늘었다. 특히 코로나19 위기를 맞으면서 지난해와 올해 총 6차례 추가경정예산(추경)을 편성하면서 재정부담은 더 커졌다. 정부는 내년에도 총지출 예산안을 올해 본예산보다 8.3% 늘어난 604조4000억원으로 편성하면서 확장 기조를 이어갈 예정이다. 국가채무는 1068조3000억원으로 국내총생산(GDP)대비 비중(50.2%)이 처음 50%를 넘어선다.내년도 예산안 발표 이후 정치권에서는 재정 건전성을 놓고 의견이 분분하다. 지난 달 열린 국회에서는 재정 상황을 두고 ‘곳간’ 논란이 불거지기도 했다. 특히 이번 국감에서도 야당은 재정 건전성의 악화를 정책 실패로 규정하며 맹공을 이어갈 것으로 보인다.조세정책과 관련, 비트코인 등 가상자산 과세 등이 논쟁이 될 전망이다. 정부가 내년 1월부터 가상자산 소득에 대해 세금을 물리겠다는 소식에 투자자 사이에서 반발이 커지고 있다. 정치권이 과세 유예 등을 요청했지만 정부는 예정대로 내년부터 과세를 하겠다는 입장을 지키고 있다.5일에는 국회 산업통상자원중소벤처기업위에서 산업부 국감이 열린다. 탄소중립에 따른 기업 부담부터 4분기 한국전력의 전기요금 인상과 탈원전 정책 간 연관성 등이 도마 위에 오를 전망이다. 또 같은 날 열리는 국회 정무위의 공정위 감사는 카카오를 포함한 온라인플랫폼 기업과 그에 대한 규제가 최대 화두가 될 것으로 보인다. 이미 여야 정무위원은 김범수 카카오 의장, 배보찬 야놀자 대표이사, 강한승 쿠팡 대표 등의 증인 채택에 합의했다. 특히 김 의장의 경우 여야 의원이 무려 6명이나 증인출석을 요청했다. 그동안 공정위는 네이버와 쿠팡 등 다른 온라인 플랫폼 기업은 제재를 했으나 카카오에 대해서는 특별한 규제가 없었다. 하지만 코로나19를 발판으로 급성장한 카카오가 문어발식 사업확장, 막강한 독점력을 바탕으로 한 수수료 상승, 인수합병을 통한 골목상권 위협 등의 문제점을 드러내면서 정무위 국감에서 집중 질타를 받게 됐다.",0.0,0.0,0.0,-0.8
美 검찰 ‘北서 암호화폐 강연’ 전문가 기소… 최장 20년형 가능,"“北의 돈세탁ㆍ제재 회피 위한 고급 정보 전달… 대북 제재 위반”게티이미지뱅크 코리아미국 검찰이 북한에서 암호화폐 관련 강연을 한 미국인 전문가를 대북 제재 위반 혐의로 기소했다. 북한이 암호화폐와 블룩체인 기술을 활용해 제재망을 빠져 나갈 수 있도록 도와 줬다는 이유인데, 해당 전문가는 유죄 판결 시 최대 징역 20년형을 선고받을 수도 있다.지난달 30일 미국의소리(VOA) 방송에 따르면, 미 뉴욕 남부지검은 싱가포르에 거주하는 미국인 버질 그리피스(36)를 국제비상경제권법(IEEPA) 위반 혐의로 체포한 뒤 기소했다고 전날 밝혔다. 지난 4월 미 국무부의 승인 없이 중국을 거쳐 북한을 방문, ‘평양 블록체인 암호화폐 회의’에 참석한 그리피스는 이 자리에서 △암호화폐를 이용한 제재 회피 △돈 세탁 방법 등에 대해 강연한 것으로 전해졌다.검찰은 그리피스가 캘리포니아공대 박사학위를 보유한 전문가라면서 “남북한 간 암호화폐 거래를 촉진할 계획을 세웠고, 다른 미국인들에게 내년 같은 행사 참여를 권장했다”고 밝혔다. 특히 ‘블록체인과 평화’라는 제목의 주제 발표에선 블록체인 기술이 북한을 어떻게 도울 수 있는지도 소개했다는 게 검찰의 설명이다. 제프리 버먼 뉴욕 남부지검장은 “그리피스는 북한에 고급 기술 정보를 제공했고, 북한이 이를 통해 돈 세탁을 하고 제재를 피할 수 있다는 걸 알고 있었다”고 지적했다. 이어 “그리피스의 행위는 북한에 대한 미국의 최대 압박 정책을 위태롭게 한 것”이라고 덧붙였다.지난해부터 미국은 대북 제재 조치의 일환으로, 북한에 대한 미국 시민의 기술 이전 행위를 금지해 오고 있다. 그리피스는 이달 30일 로스앤젤레스 연방법원에 출석할 예정이며, 검찰은 그가 재판을 통해 최대 징역 20년형에 처해질 수 있다고 설명했다. 그리피스는 2007년 온라인 백과사전인 위키피디아에서 항목 내용을 고친 익명 사용자들의 신원을 밝혀 내는 프로그램 ‘위키스캐너’를 개발, 미 언론의 조명을 받기도 했다.김정우 기자 wookim@hankookilbo.com ▶[이벤트]한국일보 채널 구독 or 추천하면 에어팟이 내꺼! ▶뉴;잼을 보면 뉴스가 재밌다. [뉴스레터 구독하기]",0.0,0.0,-1.0,-1.0
"해시넷, 블록체인·암호화폐 전문 위키백과 오픈","[머니투데이 중기협력팀 오지훈 기자] 블록체인·암호화폐 정보 포털 해시넷(대표 서창녕)이 최근 블록체인 및 암호화폐 위키백과 '코인위키'를 오픈했다고 23일 밝혔다. 코인위키는 국내 최초의 코인 전문 위키백과 사이트다. 현재 1000여개의 글이 등재된 상태다. 기존 위키백과와 마찬가지로 누구나 편집할 수 있다.해시넷 코인위키는 새로운 분야의 문서를 여러 명이 집단 지성을 이용해 공동 편집할 수 있는 게 특징이다. 이 사이트에 실린 내용은 위키백과와 마찬가지로 '크리에이티브 커먼즈'(CC-BY-SA) 라이선스로 이용할 수 있다. 출처를 표시하면 누구나 무료로 사용 가능하다. 해시넷 관계자는 ""네이버, 스팀잇, 미디엄 등 블로그 사이트는 동일 주제에 대해 글쓴이마다 각각 별도의 문서가 생겨 내용 중복이 많다는 단점이 있다""며 ""해시넷은 하나의 주제를 백과사전처럼 깊이 있게 정리하고 함께 만든다는 장점이 있다""고 말했다. 해시넷에는 비트코인, 이더리움, 이오스 등 유명한 코인에 대한 설명과 함께 아직 일반인들에게 생소한 컬러코인, 시그마체인 등 100여개 이상의 암호화폐 관련 문서가 등재돼 있다. 특히 모파스, 유코인, 월튼체인 등의 경우 해당 업체로부터 직접 사진과 자료를 받아 작성했기 때문에 내용이 풍부하고 신뢰도가 높다는 게 업체의 설명이다. 해시넷에는 비탈릭 부테린, 우지한 등을 비롯해 박창기, 김종협 등 국내외 암호화폐 분야 유명 인사들의 상세한 인물 정보도 제공한다. 빗썸, 업비트 등 국내외 주요 거래소와 블록체인 전문 기업 문서도 있다. 블록체인의 작동 원리, 사이퍼펑크, 오라클 문제 등 난이도 있는 주제도 설명하고 있다. 서창녕 해시넷 대표는 ""4차 산업혁명 시대의 핵심 기술인 블록체인과 암호화폐의 상세 정보가 필요한 이들에게 해시넷 코인위키가 큰 도움이 되길 바란다""고 말했다. ▶조 변호사의 가정상담소▶실시간 급상승 ▶'AAA 티켓', '배라 아이스크림' 받는 법 중기협력팀 오지훈 기자 byjoon5@mt.co.kr&lt;저작권자 ⓒ '돈이 보이는 리얼타임 뉴스' 머니투데이, 무단전재 및 재배포 금지&gt; ",0.0,0.0,0.0,0.8
"""페이코인, 연말까지 실명계좌 없으면 불법""","금융당국, 발행사에 최후 통첩지갑업→매매업으로 변경해야""자금세탁 등 범죄 우려 크다""금융당국이 국내에서 유일한 결제형 암호화폐인 ‘페이코인’에 대해 연말까지 은행 실명계좌를 받지 못하면 불법으로 간주하겠다고 최종 통보했다. 페이코인 발행사인 페이프로토콜AG가 코인의 유통·매매까지 모두 맡고 있는 사업 구조상 자금세탁 우려가 지나치게 크다고 판단했기 때문이다.30일 암호화폐업계에 따르면 금융위원회 금융정보분석원(FIU)은 페이프로토콜AG 측에 ‘지갑업자’에서 ‘매매업자’로의 변경 신고를 위해 연말까지 은행 실명계좌와 가맹점 이용자 보호 방안, 코인 발행에 따른 시장질서 문제 등의 대책을 마련해오라는 내용의 공문을 발송한 것으로 확인됐다.페이프로토콜AG는 작년 9월 24일 특정금융정보법 개정안 시행 당시 가상자산사업자 유형 가운데 지갑업자로 신고했다. 지갑업자는 매매업으로 분류되는 거래소와 달리 단순히 지갑에 암호화폐를 보관하는 업종이다. 당국은 7개월간 검토를 거쳐 지난 4월 페이프로토콜AG의 신고를 수리하는 대신 조건을 달았다. 페이프로토콜AG의 모회사인 다날의 관계사 다날핀테크가 서비스 구조상 ‘매매행위’를 하고 있으므로 두 회사는 매매업자로 신고해야 한다는 것이었다.당국은 페이코인이 자금세탁 범죄 위험이 크다고 판단했다. 페이프로토콜AG가 페이코인을 팔아 정산자금을 마련하는 과정에서 매수자가 자금세탁에 관여하면 은행 실명계좌 없이 추적이 불가능하다는 것이다. 페이프로토콜AG와 같은 사업자가 늘어나면 한국은행의 발권력에 영향을 줄 수 있다는 점도 고려한 것으로 전해졌다.페이프로토콜AG는 연말까지 시중은행으로부터 실명계좌를 발급받지 못하면 ‘미신고 영업’으로 간주돼 형사처벌을 받게 된다. 홍기훈 홍익대 경영학과 교수는 “페이코인은 사실상 선불충전금과 같은 사업 구조인데도 당국 규제를 우회해왔다”며 “페이프로토콜AG 측이 투자자 보호를 위한 장치부터 마련해야 할 것”이라고 말했다.",0.0,0.5,0.5,-1.0
"코빗 ""PC 풀스크린으로 코인 거래 내용 한눈에 본다""","1920px 풀HD 스크린 지원로딩 속도 1.5배 빨라져메모리 점유율 낮춰 속도 개선  [파이낸셜뉴스] 가상자산 거래소 코빗이 국내 가상자산 거래소 중에는 처음으로 PC용 거래창을 풀스크린으로 업데이트했다. 실시간 시세창 목록부터 매수·매도 주문창, 미체결과 주문·거래 내역까지 한 화면에 표시해 가상자산 거래에 익숙하지 않은 일반인들도 실수없이 거래를 진행할 수 있도록 편의성을 높인 것이다.   코빗은 바이낸스 등 해외 유수 거래소의 사례를 참고해 약 4개월간 거래 편의성과 성능을 개선할 수 있도록 PC용 거래창을 업데이트, 국내 가상자산 거래소 중에는 처음으로 풀스크린과 전문가용 홈트레이딩시스템(HTS)을 도입한 차세대 웹 거래소를 오픈했다고 6일 밝혔다.    코빗은 이용자들이 데스크톱 환경에 맞춰 한 화면에서 다양한 기능을 이용할 수 있도록 PC용 거래창에 초고화질(풀HD)을 지원하는 업데이트를 진행했다. /사진=코빗 코빗은 ""지난 달 데스크톱으로 접속한 이용자 중 약 66%가 초고화질(풀HD)급 해상도 이상의 모니터로 접속했다""며 ""이같은 이용자들의 환경을 고려해 기존 1400픽셀(px)이던 웹 해상도를 1920px로 상향 최적화했다""고 설명했다. 해외 거래소에서는 익숙한 풀스크린을 국내에 도입한 사례는 코빗이 처음이다.   풀스크린에는 실시간 시세창 목록부터 매수·매도 주문창, 미체결과 주문·거래 내역까지 한 화면에 표시해 숙련된 투자자들의 투자 환경을 만드는 데 집중했다. 한 화면에 매수, 매도창이 구분돼 있어 주문 실수를 방지했으며 미체결 내역에는 ‘모두 취소’ 기능을 추가해 거래 정확성을 높였다. 또 이용자들은 해당 기능들의 위치와 레이아웃을 직접 조정할 수 있어 각자에게 최적화된 거래 환경을 만들 수 있다.   성능 개선도 했다. 초기 로딩 속도는 1.5초에서 1초로 1.5배 빨라졌으며 전체 페이지 로딩 속도는 기존 6초에서 3초로 2배 빨라졌다. 사용자별 PC 메모리에서 상당 부분 차지하던 시스템 점유율을 대폭 낮추면서 속도 느림 현상을 개선하고 쾌적한 거래 환경을 제공하는 데 집중했다.   오세진 코빗 대표는 “차세대 웹 거래소 업데이트를 통해 전문가급 수준의 홈트레이딩시스템(HTS)을 구축하게 됐다”며 “향후 다양한 서비스를 개선해 신규 사용자를 꾸준히 유치할 수 있도록 노력하겠다”고 말했다.   한편 코빗은 앞서 멀티태스킹 기능을 지원하는 iOS 기반 아이패드용 애플리케이션(앱)을 출시했다. 멀티 디바이스 환경에 맞춰 이용자에게 최적의 거래 환경을 제공하기 위한 것이다. 올 상반기 내 안드로이드 기반 태블릿까지 지원을 확대할 예정이다. #코빗 #가상자산  ",0.0,0.0,0.8,0.8
은행 이어 민간기업까지 디도스 공격 예고 “협상은 없다”,"[디지털데일리 최민지기자] 주요 시중은행을 대상으로 디도스(DDoS, 분산서비스거부) 공격을 예고하며 비트코인을 요구한 해킹그룹 아르마다 콜렉티브(Armada Collective)가 민간기업까지 손을 뻗치고 있다. 클라우드 전문 기업인 스마일서브(대표 김병철)는 자사 서비스를 이용하고 있는 가상사설망(VPN) 제공 기업이 아르마다 콜렉티브로부터 디도스 공격 협박 이메일을 받았다고 27일 밝혔다. 이에 스마일서브는 해당 고객을 대상으로 긴급 디도스 방어 제공에 나서기로 했다.  스마일서브에 따르면 이 고객은 지난 26일 협박 이메일을 받았으며 3200만원에 달하는 10비트코인을 지급하지 않으면 27일 디도스 공격을 시작하겠다고 했다. 이들은 디도스 공격이 초당 1Tbps에 이르기 때문에 막기 어렵다고 엄포를 놓고 있다. 협상에 응하지 않으면 공격 몸값을 20비트 코인으로 올리고 공격을 지속하겠다고 협박했다.은행 및 금융기관을 대상으로 협박한 내용과 동일한 수법이다. 이 해킹그룹은 ▲KB국민 ▲우리 ▲신한 ▲KEB하나 ▲NH농협은행 등과 한국거래소 및 일부 증권사를 시작으로 수협, 전북은행, 대구은행 등 지방은행들까지 대상을 확대하며 디도스 공격을 무기삼아 협박을 일삼았다. 이제는 민간기업까지 협박 메일을 뿌리고 있는 양상이다. 스마일서브는 자사 고객을 협박한 해커에 강경 대처할 방침이다. 협상의 선례를 남기지 않고 적극적으로 공격을 방어해 고객에게 피해가 가지 않도록 한다는 계획이다. 스마일서브는 위협을 받은 모든 고객을 대상으로 비용을 받지 않고 디도스 방어 서비스를 제공하기로 했다. 또한, 스마일서브는 긴급 대응팀을 통해 위협을 받은 고객에게 부당한 요구에 응하지 말라는 안내와 함께 핫라인 개설해 24시간 고객의 문의에 대응한다. 더불어 안티 디도스(ANTI DDOS) 운영팀에 추가 인력을 배치키로 했다.김기중 스마일서브 본부장은 “2015년 아카마이 고객을 대상으로 아르마다 콜렉티브의 디도스 공격이 있었는데, 당시 아카마이의 발표에 따르면 이들의 공격은 최대치가 772Mbps 정도였다”며 “1Tbps는 공포를 조성하기 위해 과장한 것으로 보인다”고 말했다. 이어 “26일 긴급 대응팀을 구성해 디도스 공격 방어책을 마련했다”며 “이들의 기존 공격 방식을 분석한 결과 150Gbps급 공격까지 막을 수 있는 스마일서브의 안티 디도스 서비스로 완화가 가능하다는 결론을 내렸고, 위협을 받은 모든 고객에게 무료로 제공하겠다”고 덧붙였다.&lt;최민지 기자&gt;cmj@ddaily.co.krIT언론의 새로운 대안[디지털데일리]IT정보의 즐거운 업그레이드[딜라이트닷넷]최민지(cmj@ddaily.co.kr)&lt;저작권자 © 디지털데일리 무단전재-재배포금지&gt;",0.0,0.0,-0.8,-1.0
[비트코인 지금] 또 미뤄진 비트코인 ETF출시…6월 결정,"美 금융당국 다소 신중하게 비트코인 ETF에 접근테슬라 비트코인 약 2조8000억원가량 보유 중[이미지출처=EPA연합뉴스][아시아경제 공병선 기자] 대표 가상화폐(암호화폐) 비트코인이 6300만원대로 떨어졌다. 미국 금융당국이 대표 가상화폐(암호화폐) 비트코인 상장지수펀드(ETF) 승인 여부를 미룬 영향으로 보인다.국내 가상화폐 거래소 업비트에 따르면 29일 오후 2시36분 기준 비트코인은 전날 대비 0.95% 하락한 6340만원을 기록했다. 이날 오전 5시7분 6530만원까지 올랐지만 30여분 만에 6300만원대로 떨어졌다.미 증권거래위원회(SEC)에서 비트코인 ETF 출시를 미룬 것이 부정적 영향을 미친 것으로 풀이된다. 28일(현지시간) 미 경제매체 CNBC는 SEC가 미 자산운용사 반에크의 비트코인 ETF 승인 여부를 오는 5월에서 6월로 연기했다고 전했다. SEC 관계자는 “규정 변경 요구 등을 충분히 검토하기 위해 결정을 미뤘다”고 밝혔다.SEC가 비트코인 ETF에 보다 조심스럽게 접근하고 있는 것으로 보인다. 지난 14일 가상화폐 시장에 우호적인 게리 겐슬러 신임 SEC 위원장 취임으로 비트코인 ETF가 곧 출시된다는 관측이 나왔지만 다소 신중해진 모습이다. 모힛 바하즈 왈라츠베스캐피털 ETF부문 이사는 “예상 못한 위험을 우려해 SEC가 더 자세히 살펴보는 것”이라고 해석했다. 다만 출시 자체에 대한 업계의 기대감은 여전하다. 데이빗 타윌 프로체인캐피털 대표는 “SEC가 비트코인 ETF 출시 판단을 미룬 것은 흐름을 바꿀만한 중대한 일이 아니기 때문에 출시될 수밖에 없다”고 말했다.한편 지난 26일 2억7000만달러 규모의 비트코인을 매도한 테슬라가 여전히 다량의 비트코인을 보유하고 있는 것으로 나타났다. 28일 CNBC는 지난달 말 기준 테슬라가 비트코인 24억8000만달러(약 2조7468억원)가량을 보유 중이라고 보도했다. 앞서 2월9일 테슬라는 비트코인 15억달러치를 매수했다고 공시한 바 있다. 지난 26일 2억7200만달러치를 매도해 1억100만달러 가량 차익을 남긴 점을 감안하면 보유 비트코인 가치가 2배 가까이 오른 셈이다.공병선 기자 mydillon@asiae.co.kr▶ 속 시원한 풀이! 2021년 정통사주·운세·토정비결▶ 내가 몰랐던 당신들의 이야기 [나돌] 네이버TV ▶ 투자 성공의 핵심은 기업분석! 'CORE' 바로가기&lt;ⓒ경제를 보는 눈, 세계를 보는 창 아시아경제 무단전재 배포금지&gt;",0.0,0.5,0.5,-0.5
비트코인 한때 7000만원대까지 하락…김치 프리미엄 20% 넘어,"/ 로이터오늘 오후 2시 40분쯤 1BTC 당 7920만원(업비트 기준)까지 올랐던 비트코인 가격이 오후 4시 8분쯤 1BTC 당 7040만원까지 떨어졌다.알트코인(비트코인을 제외한 코인) 등락률을 더욱 심하다.오후 한때 1BTG 당 20만원까지 치솟았던 비트코인골드(BTG)는 전날보다 44%가량 오른 14만4900원 대에서 등락을 반복하고 있다. 1주일동안 70%가량 급상승한 비트토렌트(BTT)는 전날보다 23% 떨어진 1BTT당 10.20원 가량에 거래되고 있다.24시간 거래되는 가상화폐 거래소의 특성 상 매초, 매분마다 오르내리는 등락폭이 크다.알트코인은 변동성이 높은 탓에 이른바 '대박'을 꿈꾸는 20~30대들에게 주목을 받고 있지만 그만큼 '쪽박' 가능성도 높다는 점도 주의해야 한다.최근 코스피 거래액을 훌쩍 뛰어넘은 가상화폐 거래액을 기반으로 가상화폐 거래소가 앞다퉈 신규 알트 코인을 상장 시키는 탓에피해를 보는 투자자도 늘고 있다.지난 5일 5650원에 상장한 던프로토콜(DAWN)은 상장 직후 2만4770원까지 올랐다가 어제보다 35% 가량 떨어진 3625원에 거래 중이다.인터넷 커뮤니티에는 기습 상장하는 코인에 투자했다 피해를 봤다고 호소하는 글들이 속출하고 있다.전문가들은 시가 총액이 적은 알트코인 투자는 특별히 더 주의해야 한다고 경고하고 있다.김치프리미엄 (해외보다 국내 암호화폐 가격이 더 비싼 것을 뜻함)도 주의해야 한다.현재 국내 비트코인 가격은 해외보다 약 20% 비싼 가격에 거래되는만큼 시장 과열을 우려하는 목소리도 커지고 있다. / 이태형 기자이태형 기자(nihao@chosun.com)☞ 네이버 메인에서 TV조선 구독하기☞ 더 많은 TV조선 뉴스 보기* 뉴스제보 : 이메일(tvchosun@chosun.com), 카카오톡(tv조선제보), 전화(1661-0190)- Copyrights ⓒ TV조선. 무단전재 및 재배포 금지 -",0.0,0.5,-0.8,-0.8
블록체인 기반 분산저장 솔루션 코넌드라이브 서비스 적용,"코넌코리아 코넌드라이브코넌코리아(회장 표세진)는 내달 2일 싸이월드 서비스 오픈 예정인 싸이월드제트와 '데이터의 블록체인 기반 암호화 분산저장 기술서비스 제공' 협약을 맺었다고 밝혔다. 양측은 협약을 통해 싸이월드 미니홈피의 보안성을 높인다. 단순 데이터 저장이 아니라 블록체인 기반 분산저장기술 솔루션 '코넌드라이브'로 암호화해서 분산 저장한다.코넌드라이브는 분산형 슈퍼컴퓨팅(DSC) 기술이 적용된 솔루션이다. 해당 기술은 개인용PC나 휴대폰 등 유휴 저장용량을 활용해 인공지능(AI), 자율주행, 리서치&amp;서베이, 빅데이터 분석, 그래픽 처리 프로젝트, 딥러닝 등 기술연구에 사용하고 발생수익을 유휴 저장용량 제공자에게 되돌리는 시스템으로 구축돼 있다. 싸이월드는 코넌드라이브 활용에 동의한 회원 PC와 휴대폰 유휴 저장용량에 방대한 싸이월드 데이터를 블록체인 기술 기반으로 암호화한 후 분산 저장해서 강력한 보안시스템을 구축할 뿐만 아니라 데이터 저장의 탈중앙화도 기대할 수 있게 되었다.싸이월드 회원들은 '보상형 드라이브'에 참여하면 가상화폐로 보상받는다. 코넌 코인은 현재 가상화폐거래소 빗썸 등에 상장돼 보상받은 코인은 투자용으로 활용이 가능하며, 양사는 '보상형 드라이브' 외에도 싸이월드에서 코넌 코인 활용도를 높이는 방안을 논의하고 있다고 덧붙였다.싸이월드 관계자는 “협업으로 회사는 스토리지에 소요되는 막대한 비용을 절감하게 됐고, 회원 데이터를 암호화해서 분산 저장함으로써 취약했던 보안을 강화할 수 있게 됐다”며 “회원들도 코넌드라이브 사용에 따른 보상으로 미니홈피를 꾸미는 비용을 절감하는 효과를 톡톡히 누릴 수 있을 것”이라고 말했다. 코넌코리아 관계자는 “싸이월드 서비스 재오픈과 조속한 정상화를 위해 이미 10페타바이트(PB)의 대용량 스토리지를 제공하고 있다”며 “싸이월드를 통해 노드(Node)화 되는 회원 PC 및 휴대폰을 사용되지 않는 시간대에 활용해 많은 회원에게 실질 보상이 돌아가는 방안을 준비해 왔다”고 말했다.표세진 코넌코리아 회장은 “싸이월드 같은 방대한 회원을 보유한 슈퍼 앱에 코넌드라이브와 같은 고도의 보안이 유지되는 분산컴퓨팅 기술을 적용한 사례가 세계적으로도 없었다”며 “싸이월드와의 협업으로 가장 선도적인 블록체인 기반 분산저장 기술기업으로 거듭나게 됐다”고 말했다.",0.0,0.0,0.8,0.8
비트코인 7700까지 떨어졌다 8200 반등 롤러코스터 이유는?,"CNBC 갈무리(서울=뉴스1) 박형기 기자 = 27일(현지시간) 대표적 암호화폐(가상화폐)인 비트코인은 7700달러선까지 떨어졌다 8200달러선으로 반등하는 등 롤러코스터를 탔다.비트코인 ETF(상장지수펀드) 때문이었다. 26일 미국의 증권 당국인 증권거래위원회(SEC)가 비트코인계의 ‘치어리더’라고 할 수 있는 쌍둥이 윙클보스 형제의 비트코인 ETF 신청을 기각했다.SEC는 이날 보안 문제, 시장조작 문제, 투자자 보호문제 등을 이유로 윙클보스 형제의 비트코인 ETF 신청을 기각했다.  윙클보스 형제는 유명 거래소인 제미니 거래소를 만들었을 정도로 비트코인 초기 투자자이며, 비트코인 계의 큰손이다. 이들은 처음으로 비트코인 ETF를 SEC에 신청했다.  미국 증권 당국은 그러나 투자자 보호문제 등을 들어 이를 기각했다.이같은 소식이 전해지자 비트코인은 27일 거래에서 전거래일 대비 6% 이상 급락한 7798달러까지 떨어졌다.그러나 몇 시간 후 비트코인은 급반등해 8211달러까지 올랐다. 다른 비트코인 ETF 신청이 남아 있기 때문이다.  SEC는 현재 반에크와 솔리드X 등 모두 5개 업체의 비트코인 ETF 신청을 받아 놓고 있다. 당초 SEC는 7월 중 승인 여부를 발표할 예정이었나 26일 더 많은 검토의 시간이 필요하다며 최종 승인 여부 발표를 8월 15일 전후로 연기했다.이에 따라 8월에 SEC가 비트코인 ETF를 승인할 수도 있다는 기대감으로 비트코인이 급반등한 것으로 보인다.27일 하루종일 롤러코스터를 탔던 비트코인은 27일 오후 8시30분(한국시간 28일 오전 9시30분) 현재 8182달러를 기록하고 있다.sinopark@news1.kr▶ [뉴스1] 채널설정하기 ▶ 제보하기▶ [페이스북] 바로가기![© 뉴스1코리아(news1.kr), 무단 전재 및 재배포 금지]",0.0,-0.5,-0.5,0.5
"가상자산 거래소 플라이빗, 국민銀 출신 자금세탁방지 전문가 영입","AML 업무 전반 경험한 설기환 상무 AML 리스크 관리 총괄로 선임[이데일리 김국배 기자] 국내 가상자산(암호화폐) 거래소 플라이빗을 운영하는 한국디지털거래소는 KB국민은행 출신의 자금세탁방지(AML) 전문가를 영입했다고 14일 밝혔다.이번에 AML 리스크 관리 책임자로 선임된 설기환 상무는 1992년부터 올 1월까지 KB국민은행에서 자금세탁방지 부장 등 AML 업무 전반을 경험했다. 자금세탁뿐만 아니라 외환업무, 자산관리 및 내부통제 구축, 법규 위반 리스크 예방 등 관련 업무를 수행했다. 금융정보분석원 AML·CFT 정책자문위원회 자문위원, 한국자금세탁방지학회 자문위원장 등으로도 활동 중이다.설기환 플라이빗 상무 (사진=플라이빗)앞서 플라이빗은 지난 5일 자금세탁 위험에 대응하기 위한 AML 시스템 구축을 완료한 바 있다. 자금세탁방지 프로세스도 지속적으로 개선하고 있다.회사 측은 “(설 상무는) 관련 분야의 실무 경험과 전문성을 갖춘 자금세탁 방지 전문가”라며 “특정금융정보법(특금법) 시행에 따라 자금세탁방지 시스템 관리체계 및 역량 강화를 위해 금융권 출신 AML 전문가를 영입했다”고 말했다.설기환 상무는 “국내 가상자산 거래소 중 금융기관에서 가장 믿고 신뢰할만한 기업이 될 수 있도록 모범적인 리스크 관리 및 보고체계를 철저히 관리해 나가겠다”고 했다.",0.0,0.0,0.0,0.8
"코인베이스 유저, 알림사기로 10분 만에 136억원 ‘순삭’","코인베이스서 자금동결됐다는 외부 팝업창 떠전화 유도한 뒤 계정 정보 변경 요구일부 피해금  중국계 가상자산 거래소로 입금돼코인베이스에서 한 사용자가 알림사기로 1160만달러(약 136억원)를 잃었다.(사진= AFP)[이데일리 김다솔 인턴기자] 미국 최대 암호화폐 거래소 코인베이스에서 한 사용자가 약 136억원의 알림 사기를 당했다.31일(이하 현지시간) 미 경제매체 비즈니스인사이더(BI)는 미 로스앤젤레스 검찰을 인용해 한 코인베이스 유저의 계좌에서 약 10분 동안 1160만달러(약 136억원) 상당의 비트코인과 스텔라루멘이 사라졌다고 전했다. 검찰이 제출한 고소장에 의하면 피해자는 지난 4월 200개의 비트코인을 구매한 뒤, 코인베이스에서 자신의 계좌가 잠겼다는 알림창을 목격했다. 이 팝업창은 코인베이스가 보낸 것으로 위장돼 있었다.법원 문서에 ‘G.R’로 표기된 피해자는 이 문제를 해결하기 위해 팝업창에 코인베이스 고객센터라고 적힌 연락처로 전화를 걸었다. 전화를 받은 사람은 G.R에게 원격 접근 허용 등의 일부 계정 정보를 변경하라고 요구했다. 이후 오전 2시2분부터 2시12분까지 G.R의 계좌에 있던 1157만달러의 가상화폐가 다수의 거래를 통해 미확인 계좌에 입금됐다. 조사관에 따르면 이 중 약 10.2개의 비트코인이 중국계 가상자산 거래소인 후오비 글로벌의 계좌로 유입됐다. 이와 관련, 미 연방법원 판사들은 후오비 글로벌로부터 60만달러(약 7억원) 이상의 비트코인을 회수하라는 영장을 발부했다.댄 보일 미국 보조 연방 검사는 지난 9월 캘리포니아 중부 지방법원에 제출한 문서를 통해 “(가해자는) 피해자 계정에 대한 액세스 권한을 얻은 뒤 일일 거래 한도를 늘렸으며 특정 알림 및 경고를 비활성화하려고 했다”고 설명했다.로스앤젤레스 미 법무부의 톰 므로제크 언론홍보 이사는 BI와의 이메일을 통해 “후오비 글로벌은 문제가 해결될 때까지 자금을 동결하는 데 동의했다”고 부연했다.",0.0,0.0,-1.0,-1.0
"KAVA, 업비트서 1.6달러인데 바이낸스서 0.9달러... 왜?","업비트 KAVA, 글로벌 시세 대비 67.5% 가격 급등유의 종목 지정 해제 시 가격 급락 우려 존재가상자산 평균 MDD 73%... 변동성 제한 방안 시급가격제한폭 제도 고려할 수도... 업계는 '부정적' ◆…업비트에 상장된 가상화폐 카바(KAVA)가 해외 거래소 대비 60% 이상 높은 가격에 거래되면서 향후 높은 가격변동성으로 인한 투자 피해가 우려된다. [사진=클립아트코리아]업비트에 상장된 가상화폐 카바(KAVA)가 해외 거래소 대비 60% 이상 높은 가격에 거래되면서 향후 높은 가격변동성으로 인한 투자 피해가 우려된다.1일 글로벌 가상화폐 시황 사이트 코인마켓캡에 의하면 이날 정오 기준 현재 KAVA 가격은 업비트 거래소에서 개당 1.61달러를 기록했다.   가상화폐 카바(KAVA)는 USDX 스테이블 코인의 담보물로써 기능하는 코인이며 USDX는 알고리즘에 따라 1달러 가치에 연동하고자 하는 스테이블코인이다.   한편 해외 바이낸스 거래소 USDT 마켓에서 KAVA는 개당 0.9612달러에 거래돼 업비트 시세가 해외 보다 67.5% 높은 것으로 나타났다.  ◆…1일 글로벌 가상화폐 시황 사이트 코인마켓캡에 의하면 이날 정오 기준 현재 KAVA 가격은 업비트 거래소에서 1.61달러를 기록해 바이낸스 거래소 USDT 마켓에서의 가격(0.96달러) 대비 67.5% 높은 것으로 나타났다. [출처=코인마켓캡]일반적인 투자시장이라면 차익거래(Arbitrage)로 인해 거래소간 가격 차이가 줄어들게 된다. 그러나 현재 외부 거래소에서 카바를 사들여 업비트에서 팔 수 없는 상황이다.    이는 카바가 업비트에서 유의종목으로 지정되어 거래소로의 입금이 중단됐기 때문이다. 특정 코인이 유의종목으로 지정되면 해당 가상자산의 출금은 가능하지만 입금은 중단된다.   업비트는 지난해 11월 ""USDX가 1달러에 연동되지 않는 상황에서 카바의 가치가 급격하게 변동하여 투자자에게 예기치 못한 피해를 야기할 가능성이 있다""며 KAVA를 유의종목으로 지정했다.   문제는 KAVA가 향후 유의종목에서 해제되어 입금이 재개될 경우 높은 가격 변동성으로 투자자들이 피해를 입을 우려가 존재한다는 점이다.   실제로 가상화폐 무비블록(MBL)은 작년 7월 20일 업비트 유의종목 지정에서 해제된 이후 급락세를 보였다.   당시 일주일 동안의 가격변동성(MDD)을 측정한 결과 31.9%가 나왔다. 유의종목 해제 당일에 투자를 시작했다면 일주일간 입을 수 있는 최대 손실률은 -31.9%였다. ◆…가상화폐 무비블록(MBL)은 지난해 7월 20일 유의종목 지정에서 해제되어 입금이 재개된 이후 높은 가격 변동성을 보였다. 투자자가 해제 당일에 투자를 시작했다면 일주일간 입을 수 있는 최대 손실률은 -31.9%였다.  [출처=업비트]MDD(Max Draw Down)는 투자자가 입을 수 있는 최대 손실률을 뜻한다. 특정 기간 내 최고점 대비 가격 하락률을 구해 계산한다.   MDD는 고점에 물린 투자자가 최대 손실을 기록할 것을 전제로 한다. 이를테면 작년 한 해 동안 특정 주식 가격이 1만원에서 최대 2만원까지 올랐다가 1만2000원으로 하락했다면 MDD는 50%가 아닌 40%다.   금융정보분석원에 의하면 지난해 상반기 가상자산 평균 MDD는 73%를 기록했다. 해당 기간에 가상화폐에 투자했다면 개별 코인마다 최대 손실률은 달랐겠지만 평균적으로 -73%의 손실을 입었을 것이다.   이는 지난해 미국 연방준비제도(Fed)의 긴축통화정책 시행으로 팬데믹 때의 막대한 유동성이 회수되면서 가상자산 가격이 폭락했기 때문이다.   가상자산 시장의 대침체 속에서 담보 없이 사업을 영위해온 코인 프로젝트들이 파산하면서 사태는 더욱 악화됐다.   달러 담보 없이 자매코인 루나와의 주조차익(Seigniorage) 알고리즘으로 가격 유지를 약속했던 테라USD와 루나가 몰락했다.   이어 전 세계 3위 거래소 FTX도 분식회계로 파산했다. 그 과정에서 자체 발행한 FTT 코인을 밑천으로 무리하게 사업을 벌여온 사실이 드러났다.   불과 몇 달 전만 해도 테라 사태 때문에 파산한 가상자산 금융 업체들을 상대로 인수 의향을 밝혔던 곳이라 충격은 더 컸다.   최근 비트코인 가격이 3000만원 돌파를 앞두고 있지만 업계 전문가들은 크립토 겨울(Crypto winter, 가상화폐 약세장)이 끝나려면 시간이 좀 더 걸릴 것으로 보고 있다.   연준이 금리 인상 속도를 줄이며 통화 정책에 변화를 줄 것이라는 시장의 기대감이 존재하지만 업계발 사태로 또다시 가상자산 가격이 급락할 수 있다.   따라서 현 시점에서는 가상자산의 높은 가격 변동성으로 인한 투자 피해를 최소화 하는 방안을 강구해야 한다.   가상자산거래소 공동협의체(DAXA)는 ""급격한 가격 등락이 발생할 경우 경보 형식의 알림을 제공할 계획""이라며 ""글로벌 가격과 일정 수준 이상으로 격차가 벌어지는 경우에도 경보를 발동할 방침""이라고 밝혔다.   내달 가상자산 거래법에 대한 법안 심의가 열릴 예정인 가운데 안전한 투자 환경 조성을 위해 가상자산의 높은 변동성을 제한하는 방안을 마련할 필요가 있다. 예를 들어 현재 국내 증시에서 시행 중인 서킷브레이커 등 가격제한폭 제도의 도입을 고려해볼 수 있다. ◆…서킷 브레이커는 주가 급등락 시 투자 피해를 완화하기 위해 주식 매매를 일시 정지하는 제도다. 유가증권시장에는 1998년, 코스닥 시장에는 2001년 도입됐다. [사진=연합뉴스]서킷 브레이커는 주가 급등락 시 투자 피해를 완화하기 위해 주식 매매를 일시 정지하는 제도다. 유가증권시장에는 1998년, 코스닥 시장에는 2001년 도입됐다.   하지만 가상자산 업계에서는 서킷브레이커를 도입해도 가격 변동을 막을 수 없어 실효성이 적을 것으로 전망하고 있다.   업계 관계자는 ""디지털자산 시장 특성상 특정 거래소에서 단독으로 서킷브레이커 제도를 도입하기에는 어려운 부분이 있다""며 ""이는 글로벌 거래소들의 시세가 시시각각 변하기 때문""이라고 설명했다.   이어 ""만일 서킷브레이커를 도입해도 가격 변동을 막지 못하며, 일부 투자자들이 거래 기회를 박탈당하는 문제도 발생할 수 있다""며 ""서킷브레이커 제도 도입을 위해서는 글로벌적인 합의가 필요하다""고 덧붙였다.",0.0,0.5,0.5,-0.8
"보령시, 지방세 체납자 가상화폐 압류…1700만 원 징수","보령시가 지방세 체납자들의 가상화폐를 압류하고, 세금 1700여만 원을 징수했다. / 보령시제공[더팩트 | 보령=이병렬기자] 충남 보령시는 국내 가상화폐 거래소 2곳에서 세금체납자 13명이 보유한 가상화폐를 확인하고 압류해 체납액 1700여만원을 징수했다고 27일 밝혔다.또 2곳 거래소의 추가 조회 결과에 따라 즉시 압류하고, 세금납부를 거부하면 가상화폐를 현재 거래가로 매각해 체납 세금을 충당할 방침이다.최근 암호화폐거래소 등 가상자산사업자도 기존 금융회사 등이 준수하는 고객 본인 확인의무, 의심 거래 보고 등 의무를 이행하도록 특정금융정보법이 개정되면서 체납자에 대한 가상자산 압류의 법적, 제도적 기반이 마련된 데 따른 조치다.시는 2곳의 가상화폐거래소로부터 13명이 4100여만원 상당의 가상화폐를 보유하고 있는 사실을 확인하고, 소액 보유자를 제외한 체납자 6명의 3200만원 상당 관련 계좌 및 가상화폐를 압류했다. 이 중 4명의 체납세금 1700여만원을 징수했다.시 관계자는 ""성실하게 세금을 납부하는 시민들이 상대적 박탈감을 느끼지 않도록 조세정의 차원에서 끝까지 추적해 빈틈없는 체납세금 징수활동을 펼쳐나가겠다""고 밝혔다.thefactcc@tf.co.kr - BTS 공연 비하인드 사진 얻는 방법? [팬버십 가입하기▶]   - 내 아이돌 순위는 내가 정한다! [팬앤스타 투표하기] 저작권자 ⓒ 특종에 강한 더팩트 &amp; tf.co.kr 무단 전재 및 재배포 금지",0.0,0.0,0.5,0.8
"""루나 폭락 수십억 손실"" 권도형 대표 찾아간 인터넷방송 BJ 약식기소","[연합뉴스TV 제공] [파이낸셜뉴스] 암호화폐 루나·테라의 폭락으로 수십억원의 손해를 봤다며 권도형 테라폼랩스 대표의 거주지를 찾아간 인터넷방송 BJ가 약식기소됐다.   27일 법조계에 따르면 서울동부지검은 지난 23일 인터넷방송 BJ A씨를 벌금 100만원에 약식기소했다.   A씨는 지난 5월 권 대표가 거주하는 아파트 공용현관으로 침입해 자택 초인종을 누른 혐의를 받는다.   A씨는 인터넷 방송에서 ""루나 20억을 매수했다""며 ""권도형을 찾아간 것이 맞다""고 밝힌 바 있다. 그는 권 대표가 공식 사죄하고 보상 계획을 밝혀야 한다고 주장하기도 했다.",0.5,-1.0,-1.0,0.0
마약·무기 거래 다크웹 '가짜 코로나 백신' 주의보,"[머니투데이 윤세미 기자] 사진=AFP온라인 암거래 시장에서 당국의 승인을 받지 않은 가짜 코로나19(COVID-19) 백신이 거래되고 있는 것으로 알려졌다.도이체벨레에 따르면 유럽연합(EU) 경찰기구인 유로폴은 4일(현지시간) 가짜 코로나19 백신이 불법적으로 온라인에서 판매되고 있다는 경고를 발표했다. 유로폴은 위조된 백신이나 수송 및 보관 과정에서 엄격한 규정을 지키지 못해 폐기된 백신, 당국의 허가를 받지 않은 불법 치료제 등이 사기꾼들의 범죄행위에 이용되고 있다고 밝혔다. 이같은 약물은 건강을 지켜주기는커녕 자칫 목숨을 위협할 수도 있다는 지적이다. 마약이나 무기 등 불법거래가 이뤄지는 다크웹이 가짜 백신 거래의 주무대로 알려졌다. 프랑스 일간 파리지앵도 5일 다크웹에서 코로나19 백신을 팔겠다는 사람은 사기꾼일 가능성이 다분하다고 경고했다.이스라엘 보안업체 체크포인트에 따르면 이미 지난해 11월부터 이미 다크웹에서 코로나19 백신을 거래하는 사이트가 1000개 넘게 등장했으며 10여곳에서 백신 거래가 확인됐다. 지난해 11월은 주요 제약사들의 3상 임상결과가 갓 나오기 시작했을 때였다. 백신 가격은 최소 250달러(약 27만원)에서 최대 1000달러 수준이며 결제는 가상화폐 비트코인으로만 가능했다고 한다.앞서 세계보건기구(WHO)는 가짜 백신은 안전하고 효과적인 코로나19 백신과 보건 당국에 대한 신뢰까지 잃게 할 수 있다면서 엄격한 단속을 촉구했다.윤세미 기자 spring3@mt.co.kr▶부동산 투자는 [부릿지]▶조 변호사의 가정상담소▶줄리아 투자노트 &lt;저작권자 ⓒ '돈이 보이는 리얼타임 뉴스' 머니투데이, 무단전재 및 재배포 금지&gt;",0.0,0.0,-1.0,-1.0
"‘우물 안’ 국내 ICT기업, 블록체인사업으로 글로벌 공략","잇단 투자 배경은별도 법인·결제파트너 없이 바로 글로벌 서비스 가능SKT·네이버·카카오 블록체인 생태계 확장하고 KT도 기술 개발에 주력                 SK텔레콤, KT, 네이버, 카카오 등 굴지의 정보통신기술(ICT) 기업들이 잇따라 블록체인 사업에 진출하고 있는 배경이 글로벌 시장 공략이라는 어려운 숙제를 풀기 위한 전략이라는 분석이 나오고 있다.한국 ICT 기업들은 이렇다 할 해외사업 실적을 내지 못한 채 국내에 고립돼 있었던 게 사실이다. 그런 차에 블록체인 기술을 활용하면 결제 인프라 등에 대한 막대한 투자 없이도 바로 글로벌 서비스를 시작할 수 있어 해외시장 공략에 유리한 입지가 마련된다는 것이다.결국 당초 글로벌 DNA를 갖고 탄생한 블록체인 기술이 고립돼 있던 국내 ICT기업들의 해외시장 진출 교두보로 성과를 낼 수 있을지 관심이 집중되고 있다.22일 관련업계에 따르면 SK텔레콤, KT 등 통신사와 네이버와 카카오 등 국내 대표 ICT 기업들이 하나같이 블록체인 전담 조직을 운영하며 글로벌 시장 문을 두드리고 있다.■전담조직 꾸리고, 블록체인에 투자 늘려SK텔레콤은 오픈블록체인산업협회 초대 협회장을 맡고 있는 오세현 블록체인사업개발유닛장(전무)을 주축으로 블록체인 생태계 조성에 박차를 가하고 있다. 유망 블록체인 스타트업(창업초기기업)들에 대한 투자를 확대하고 있으며, 블록체인 기반 자산관리, 결제 서비스 등을 준비하고 있다.KT도 융합기술원 산하에 블록체인센터를 두고 블록체인 기술 개발에 주력하고 있다. 센터장은 서영일 상무가 맡고 있다. 이미 자회사 BC카드 등의 기업 문서관리시스템(EDMS)에 블록체인 기술을 적용했으며, 모바일 상품권 '기프티쇼'에도 블록체인 기술을 접목했다.네이버와 카카오는 아예 자회사를 설립하고 본격적으로 블록체인 생태계 확장에 나서고 있다. 네이버의 블록체인 사업은 라인이 주도하고 있다. 라인은 블록체인 자회사 언블락과 언체인을 설립하고 블록체인 플랫폼 개발, 블록체인 기반 D앱(댑, Dapp) 발굴에 나섰다. 카카오 역시 자회사 그라운드X를 설립했다. 그라운드X도 블록체인 플랫폼 개발에 열을 올리고 있다.■ICT기업 숙원 '글로벌 공략', 블록체인이 푼다이처럼 국내 대표 ICT 기업들이 블록체인 분야에 군침을 흘리고 있는 것은, 블록체인이 아킬레스건이었던 글로벌 시장 공략의 열쇠가 될 수 있다는 판단에서다. SK텔레콤과 KT 등 통신사들은 수차례 해외 법인을 설립하고 통신망 구축 사업을 진행하며 해외 시장 진출을 노렸지만 번번이 고배를 마셨다.네이버와 카카오 역시 국내 매출 비중이 해외보다 압도적으로 높다. 일본이나 동남아시아 지역에서는 라인이나 픽코마 등이 성공한 사례는 있지만 북미나 유럽 공략에서 의미있는 성과를 만들어내지 못했다. 특히 네이버와 카카오 등은 안방에서도 구글과 유튜브, 페이스북 등에 시장을 내주고 있는 상황이다.이런 상황에서 부상한 블록체인 기술은 국내 ICT 기업에 단비나 다름없다. 블록체인 기술 기반의 서비스는 가상화폐를 통해 구동되고, 가상화폐는 국경에 상관없이 자유롭게 이동되기 때문에 글로벌 서비스에 최적화됐다. 현지에 별도로 법인을 세우거나 결제 파트너 등을 찾지 않아도 바로 글로벌 서비스가 가능한 것이다.게다가 전 세계 블록체인 업계가 한국을 주시하고 있는 상황도 이들에게는 호재다. 전 세계에서 가장 활발하게 가상화폐가 거래되고 있는 한국으로 글로벌 블록체인 전문가들과 기업들이 모여들고 있다. 한국 기업이 블록체인 분야를 선도할 수 있는 토양이 마련된 것이다.한 블록체인 기업 대표는 ""블록체인 기술 기반의 가상화폐를 주고받는 블록체인 생태계는 사실상 국경이나 환율과 같은 결제 장벽이 없기 때문에 자연스럽게 글로벌 서비스로 확장된다""며 ""그동안 천문학적인 금액을 투자하며 글로벌 시장을 두드리고도 실패했던 국내 ICT 기업들이 블록체인 분야에 관심을 가질 수밖에 없는 이유""라고 설명했다.jjoony@fnnews.com 허준 기자   jjoony@fnnews.com 허준 기자   ▶ 세상의 모든 골 때리는 이야기 'fn파스'▶ 속보이는 연예뉴스 fn스타  ※ 저작권자 ⓒ 파이낸셜뉴스. 무단 전재-재배포 금지",0.0,0.0,0.0,0.8
"이준행 고팍스 대표 ""1분기 중 원화마켓 전환 완료할 것""","고팍스, 지난 15일 전북은행 실명계좌 확보이준행 대표 ""1분기 내 가시적 성과 낼 것…전북은행과 협조 중""한국블록체인협회 등 ""5대 거래소 탄생 환영""이준행 스트리미 대표의 2018년 기자간담회 모습. [사진= 한경DB]지난 15일 전북은행으로부터 실명확인 입출금 계정(실명계좌)을 확보한 고팍스가 1분기 중으로 원화마켓 전환을 완료하겠다는 계획을 밝혔다.이준행 스트리미(고팍스 운영사) 대표는 17일 블루밍비트와의 통화에서 ""원화마켓 전환과 관련해 대략 1분기 내 가시적인 성과를 내려 한다""며 ""전북은행과 최대한 협조하며 진행 중""이라고 말했다.특정금융정보법(특금법)에 따르면 국내 가상자산(암호화폐) 거래소는 시중 은행으로부터 실명계좌를 받아야만 원화마켓 운영이 가능하다. 이에 현재 실명계좌를 확보한 국내 4대 거래소(업비트·빗썸·코인원·코빗)만 원화마켓을 운영 중이다.반면 고팍스를 비롯한 나머지 21개 거래소는 시중 은행으로부터 실명계좌를 받지 못해 원화마켓은 닫은 채 코인마켓만 운영해왔다. 국내 투자자들은 원화마켓에 익숙한 만큼 이들 거래소의 거래량은 90% 급감했다. 거래소의 주요 수입원인 거래 수수료가 급감함에 따라 원화마켓으로 전환하지 않는다면 사업을 오래 영위하지 못할 것이라는 지적도 꾸준히 제기됐다.하지만 고팍스가 이번에 중소 거래소 중 최초로 실명계좌를 확보하면서 본격 다른 거래소들의 선례가 될 것으로 보인다. 고팍스 관계자는 ""최근 메타버스나 대체불가토큰(NFT) 등이 부상하며 가상자산 시장에 좋은 영향을 주고 있고, 비트코인 등 가상자산에 대한 금융권의 내부 보고서들도 앞다퉈 나오는 상황""이라며 ""이런 분위기가 계속된다면 기존에 실명계좌 확보를 위해 열심히 준비해 온 나머지 중소 거래소들도 좋은 기회를 얻을 수 있을 것""이라고 전했다.그는 이어 ""회사의 목표는 1분기 내 원화마켓 변경 신고서를 제출하고 결과를 내는 것""이라며 ""앞서 엎어진 경험이 있다 보니 더욱 꼼꼼하게 준비하고 있다""고 덧붙였다. 고팍스는 앞서 지난해 9월 전북은행과의 제휴가 성사 직전에서 무산된 바 있다. 당시 양사는 각 실무진의 검토를 완료하고 기술적 연동 등을 마쳤으나 가상자산에 우호적이지 않은 당국의 분위기에 최종 합의를 도출하지 못한 것으로 전해졌다.업계 역시 이번 5대 거래소의 탄생을 환영하는 분위기다. 한국블록체인협회는 전날 고팍스에 대해 ""특금법 시행 이후 은행으로부터 실명계좌를 추가로 발급받은 첫 사례""라며 ""추가 발급을 매우 환영하고 축하한다""고 밝혔다. 이어 ""실명계좌 발급이 막혀 코인마켓으로 전환할 수밖에 없었던 다른 거래소에도 좋은 선례가 되길 바란다""며 ""가상자산과 블록체인 산업의 발전 등을 위해 노력하고 있는 여타 거래소에도 공정한 기회가 제공돼야 할 것""이라고 당부했다.한국디지털자산사업자연합회도 17일 공식 자료를 통해 ""고팍스의 은행 실명계좌 발급을 적극적으로 환영한다""며 ""이를 계기로 아직도 실명계좌를 발급받지 못한 21개의 코인마켓 거래소들에 대해서도 조속한 기간 내에 실명계좌가 발급돼야 한다""고 강조했다.연합회에 따르면 현재 금융위원회 금융정보분석원(FIU)에서 특금법에 의해 가상자산사업자(VASP) 신고 수리를 마친 26개의 거래소 가운데 은행 실명계좌를 발급받은 거래소는 19.2%(5개)에 불과하다. 한편 고팍스는 지난해 코인베이스 등 전 세계 200여 개 가상자산 회사를 포트폴리오사로 보유한 디지털커런시그룹(DCG)으로부터 대규모 투자를 유치하기도 했다. DCG는 해당 투자로 고팍스의 2대 주주가 됐다.&lt;블록체인·가상자산(코인) 투자 정보 플랫폼(앱) '블루밍비트'에서 더 많은 소식을 받아보실 수 있습니다&gt;",0.0,0.0,0.8,0.8
경제교류 확대 위한 ‘크립토 연합’ 탄생,"9월 14일 NKcoin 등 코인연합 출범식 개최(사진 설명) 왼쪽 부터정태헌 우리경제교류협회 회장, 박항준 콤마코인랩스 대표, 김태성 모헤닉 대표, 박성재 얍컴퍼니 대표제3세계 국가들과의 무역거래를 돕는 NK코인을 비롯한 이른바 ‘크립토 연합(United Cryptos)’이 탄생한다.14일 우리경제교류협회는 중국 선양(瀋陽)에서 하나의 생태계 속에서 시장에 함께 진입하려는 암호화폐들과 함께 ‘크립토연합’의 출범식을 열었다.이번 출범식에는 NK코인 외에 순수 토종 블록체인 메인넷을 준비 중인 '얍체인'과 88개국 언어를 활용한 SNS서비스를 제공하는 '콤마코인', 세계 최초 실물자산형 코인으로 전기차 플랫폼 공급을 위한 '모헤닉코인' 등이 참석했다.크립토연합을 주도하는 액셀러레이터 하이퍼텍스트메이커스의 박항준 대표이사는 “무한한 잠재력을 갖고 있는 암호화폐는 보험, 거래, 무역, 건강, 지역화폐 등 다양한 분야에서 유용하게 사용될 수 있으며, 북한이나 제3세계로 확장하기 위해 철학을 공유하는 10여개 코인들이 추가로 합류할 것이다.”라고 크립토연합의 필요성을 강조했다.최근까지 암호화폐는 이같은 유용성에도 불구하고 시장 확대와 현실성이 부족하다는 지적을 받았고, 코인별로 독자 사업을 수행하며, 코인 상호간 경쟁관계만 남아 시장에 진입할 때 불협화음이 이어졌다.따라서 특정 투자자들만이 코인을 거래하거나, 신규 투자금이 유입되지 않고 코인간 이동만 하는 부작용을 낳았다.크립토연합은 사전에 코인의 옥석을 가리고, 코인이 시장에 런칭하고 확대되기 위해 코인들간 상호 협력할 계획이다. 제3세계 국가로 진출할 경우에도 크립토연합은 해외진출, Meet-up, ICO 등 암호화폐를 알리는 공동마케팅을 수행할 예정이다.암호화폐 전도사로 알려진 로저버 비트코인닷컴 대표는 이와 유사한 개념의 ‘동북아 크립토연대’에 대해 매우 환상적이라고 표현한 바 있다. 크립토연합은 향후 크립토경제 규모를 확대하는 데 크게 이바지 하기를 기대한다고 밝혔다.    김종윤 기자(kjyyoung@sbs.co.kr) ☞ 의견 있는 경제채널 SBSCNBC [홈페이지] [뉴스스탠드]☞ 공식 SNS [페이스북] 저작권자 SBS플러스 &amp; SBS I&amp;M 무단전재-재배포 금지",0.0,0.0,0.8,0.8
암호화폐 거래소가 1억원 보이스피싱 막았다,"캐셔레스트, 전주덕진경찰서로부터 표창장 받아 1억원에 달하는 보이스피싱 사기를 암호화폐 거래소가 막아내 화제다.  암호화폐 거래소 캐셔레스트는 9일, 전주 덕진경찰서 및 신한은행 강남구청역 지점과 공조 수사로 암호화폐 보이스피싱 사기를 막았다고 밝혔다.  캐셔레스트와 전주 덕진경찰서에 따르면, 피의자는 시골 노인에게 ""자신들에게 투자하면 비트코인으로 매달 큰 금액의 이자를 지급하겠다""고 속여 현금 1억원을 캐셔레스트에 등록돼 있는 피의자 자신의 계좌로 이체하게 했다.         암호화폐 거래소 캐셔레스트를 운영하는 뉴링크의 박원준 대표(왼쪽)가 지난 7일 전주 덕진경찰서 이후신 서장으로부터 표창장을 받고 기념촬영을 하고 있다.   피의자는 캐셔레스트의 최초 출금 해제 기준인 72시간을 피해가기 위해 1만원을 미리 입금하는 치밀함도 보였다. 또 피의자는 피해자의 현금이 입금되자 이를 특정 암호화폐로 교환하고 즉시 출금을 신청했다.  이 상황에서 캐셔레스트는 이상금융거래감지시스템을 통해 금융사기 의도가 있는 것으로 판단했다. 피의자의 항의 전화와 문의에도 불구하고 4~5일 동안 출금을 지연시켰다. 그동안 해당 이용자 및 계좌, 패턴을 지속적으로 모니터링 한 점이 보이스피싱 사기를 막는 데 결정적인 역할을 했다.  캐셔레스트 관계자는 ""빅데이터에 기반해 평상시의 암호화폐 거래 패턴과 달라 이상금융거래로 판단했다""고 설명했다.  출금을 지연시키던 과정에 전주 덕진경찰서에는 '암호화폐 재정거래를 도와주면 수익을 준다'는 보이스피싱 신고가 접수됐다. 이에 따라 전주 덕진경찰서와 신한은행 강남구청역 지점, 캐셔레스트가 긴밀히 공조, 계좌추적 등을 통해 보이스피싱 사기라는 게 밝혀졌다.  캐셔레스트는 피의자와의 통화 녹취 및 1대1 문의 내용 등을 증거자료로 제출했다. 피해자는 캐셔레스트의 출금 지연 덕분에 원금을 돌려받을 수 있었다.  박원준 캐셔레스트 대표는 ""고객들의 돈은 우리의 자산처럼 매우 소중하다는 철학으로 투명하고 철저하게 관리하고 있다""며 ""캐셔레스트는 앞으로도 이상금융거래감지시스템은 물론 다양한 툴 및 인력을 활용해 고객들의 돈을 보호하는 데 앞장 서 나갈 것""이라고 밝혔다.  한편 캐셔레스트는 보이스피싱 사기를 예방하는 데 도움을 준 공로를 인정받아 지난 7일 전주 덕진경찰서에서 표창장을 받았다. 현재 전주 덕진경찰서는 보이스피싱 사기범을 검거하기 위해서 추적 중이다.   jjoony@fnnews.com 허준 기자   ▶ 세상의 모든 골 때리는 이야기 'fn파스'▶ 속보이는 연예뉴스 fn스타  ※ 저작권자 ⓒ 파이낸셜뉴스. 무단 전재-재배포 금지",1.0,0.0,0.8,0.8
中10억명 개인 정보 털렸다...역사상 최대 해킹에 중국선 ‘쉬쉬’,"[서울신문 나우뉴스]중국 역사상 가장 큰 규모의 개인 정보 유출 사건이 발생했다. 이번 사건으로 유출된 개인 정보는 약 10억 명의 중국인 신분증과 전화번호, 이름, 성, 출생지 등 광범위한 정보가 포함된 것으로 알려졌다. 미국 매체 자유아시아방송은 지난 3일 상하이 공안국 데이터베이스 시스템에 저장돼 있었던 중국인 10억 명의 정보가 외부 해커들의 침입으로 유출되는 초유의 사태가 발생했다고 5일 보도했다. 최근 이 분야에 정통한 창 모 씨는 이 매체와의 인터뷰를 통해 “상하이시 공안이 관리했던 데이터베이스 저장소인 클라우드에 중대한 기밀 유출 사고가 있었다”면서 “이날 유출된 개인 정보를 담은 데이터베이스의 크기가 무려 23.88TB에 달한다”고 폭로했다. 이번 사건은 중국 설립 70년 만에 발생한 최대 규모의 개인 정보 유출 사건이라는게 이 매체의 분석이다. 특히 국제 해커들의 손에 넘어간 10억 명의 중국인 개인 정보에는 온라인 상점에서 물건을 구매한 내역과 여행, 숙박업소 이용 내역, 개인이 가진 정치적 입장, 은행 신용 거래 내역, 개인 사진 등 다수가 포함돼 있을 것이라고 짐작했다. 사실상 중국의 모든 성인들의 중요 정보들은 거의 다 털렸다는 분석인 셈이다. 다만, 상하이 공안당국은 이 사건에 대해 아직까지 정확한 공식 입장을 표명하지 않은 상태다. 오히려 지난 3일부터 중국판 트위터로 불리는 웨이보 등을 통해 이와 관련한 의혹이 무수히 쏟아졌지만 대부분의 내용은 이미 차단된 상태로 알려졌다. 소셜미디어에 유통중인 중국인들의 해킹정보이 매체는 해커로 추정되는 한 인물이 텔레그램 등 소셜미디어를 통해 비트코인 20만 달러(약 2억 6천만 원)에 10억 명의 중국인 개인 정보를 판매하려 한 시도도 있었다고 전했다. 사건을 이 매체에 제보한 창 씨는 “국제 해커들 사이에서는 이미 중국인의 인구 구조와 생활습관, 범죄 여부 등에 대한 매우 개인적인 정보들이 거래되고 있을 것”이라면서 “이 정보들이 향후 보이스 피싱 등 각종 흉악 범죄에 악용될 가능성이 매우 커졌다”고 우려했다. 하지만 중국의 일부 누리꾼들은 “개인 정보 유출에 대해 민감하게 반응하는 것이 우습다”면서 “다른 사람이 내 정보를 확인해도 무방하다. 이미 하루에도 몇 차례씩 쓸데도 없는 보이스피싱 전화를 받고 있는데, 이보다 몇 차례 더 피싱 전화나 문자를 받을 가능성이 높아진 것은 큰 상황이 없다”, “10억 명의 중국인 개인 정보 거래가격으로 국제 해커들이 요구한 20만 달러는 지나치게 적은 금액이다. 충분히 그 이상의 가격을 불러도 좋을 것 같다”는 등의 반응을 이어가고 있다.",0.0,0.0,-1.0,-1.0
"카이버 네트워크, 3월 1일부터 에어드롭 예정","최소 2 KNC부터 최대 45 KNC까지 보상1일 오후 4시 전까지 등록 완료해야사진=카이버 네트워크[서울경제 디센터] 싱가포르 기반 암호화폐(가상화폐) 카이버 네트워크(KNC)가 다음달 1일부터 15일까지 에어드롭을 진행한다.이번 에어드롭으로 투자자들은 최소 2KNC부터 최대 45KNC까지 받을 수 있다. 카이버 네트워크는 26일(현지시간) 공식 홈페이지를 통해 “더 많은 사용자에게 카이버 네트워크 거래 시스템을 알리기 위해” 에어드롭을 진행한다고 밝혔다. 에어드롭은 본래 공중에서 물건이 떨어진다는 의미로 암호화폐를 무료로 배분하는 이벤트를 말한다. 투자자 입장에서는 무료로 암호화폐를 얻을 수 있어 큰 관심을 가지기 때문에 별도의 마케팅 없이 해당 암호화폐를 홍보하는 데 효과적이다.카이버 네트워크 에어드롭을 받으려면 먼저 3월 1일 오후 3시(한국 시간 오후 4시)까지 카이버 네트워크의 화이트리스트에 이메일 주소와 이더 거래 주소를 제출해야 한다. 3월 1일 오후 3시(한국 시간 오후 4시)부터 3월 15일 오후 3시(한국 시간 오후 4시) 사이에 카이버 네트워크 시스템에서 거래를 완료한 모든 이용자는 2KNC를 받는다. 같은 기간 내 거래 한도를 늘리기 위해 고객신원확인 프로그램에 개인 정보를 제출한 이용자는 3KNC를 추가로 수령한다. 카이버 네트워크는 거래를 장려하기 위해 에어드롭 보상 조건을 추가했다. 에어드롭 기간 동안 카이버 네트워크에서 누적 거래량 10이더를 달성한 이용자는 20KNC를 보상으로 받는다. 여기에 누적 거래량 10이더를 추가로 거래한 고객은 또 다시 20KNC를 받아 총 45KNC의 보상을 받는다. 보상 배분은 오는 4월까지 완료될 예정이다.카이버 네트워크는 암호화폐 입출금 플랫폼으로 기존 거래소가 해킹에 취약하다는 문제점을 이더리움 기반 스마트 컨트랙트로 해결하겠다는 목표를 지니고 있다. 28일 오후 3시 20분 현재 코인마켓캡 기준 시가총액 74위인 카이버 네트워크 가격은 1.97달러(약 2,135원)으로 투자자들은 이번 에어드롭을 통해 4,279원(2KNC)부터 최대 9만6,075원(45KNC)을 받을 수 있다./황보수현 인턴기자 soohyeonhb@decenter.kr[서울경제 바로가기]이제 주식시세도 서울경제에서 확인하세요 [바로가기▶]블록체인의 모든 것, 서울경제 Decenter [바로가기▶]저작권자 ⓒ 서울경제, 무단 전재 및 재배포 금지",0.0,0.0,0.8,0.8
"조경태 의원 ""ICO 금지로 국부·기술 유출···해외사례 살펴야""","&lt;아이뉴스24&gt;[아이뉴스24 김지수 기자] 조경태 자유한국당 의원이 ICO(Initial Coin Offering∙암호화폐공개)에 대한 정부의 전향적인 시각을 촉구했다.조 의원은 30일 오전 서울 국회 의원회관에서 열린 '한국 크립토밸리 조성 필요성과 조성 방안' 토론회에 참석해 ""ICO에 대한 무조건적인 규제에서 벗어나 창업 활성화와 관련 산업 발전 등을 고려해 균형 잡힌 시각으로 정책 방향을 세워야 한다""며 ""정부가 ICO의 메카로 불리는 스위스, 홍콩, 싱가포르의 사례를 연구할 필요가 있다고 생각한다""고 강조했다. ICO는 기업이 외부 자금을 유치하기 위해 기업공개(IPO)를 하는 것처럼 신규 암호화폐를 발행해 자금을 모으는 것을 뜻한다. 국내에서는 작년 9월 암호화폐 거래 과열과 사기성 ICO를 이유로 정부가 전면 금지 조치를 내린 상태다.ICO의 허용이 필요하다는 목소리가 끊임없이 제기되고 있지만 금융당국의 입장은 확고하다. 최훈 금융위원회 금융서비스국장은 지난달 ""최종구 금융위원장께서 최근에 말씀드렸지만 ICO 문제에 대해서는 현재 기존 정책을 변경해야 할 필요성을 느끼고 있지 않다""며 ""ICO 허용은 고려하고 있지 않고 있다""고 밝힌 바 있다.조 의원은 ""정부가 ICO를 금지하면서 국내 기업들이 해외로 나갈 수밖에 없는 상황에 있다""며 ""이로 인해 국부 및 기술 유출은 물론 한국 암호화폐 생태계가 붕괴되는 문제점을 야기하고 있다""고 정부 정책에 대해 지적했다./김지수기자 gsoo@inews24.com▶네이버 채널에서 '아이뉴스24'를 구독해주세요.▶아이뉴스TV에서 부동산 고수를 만나보세요.[ⓒ 아이뉴스24 무단전재 및 재배포 금지]",0.0,0.5,-0.5,-0.5
47조짜리 ARM 인수한 엔비디아는 어떤 기업?,"젠슨 황(Jensen Huang) 엔비디아(NVIDIA) 창립자 겸 CEO/조선닷컴미국 반도체 기업 엔비디아는 지난 14일 세계 최대 반도체 설계기업 ARM(영국)을 400억달러(약 47조원) 인수를 발표하며 단숨에 스포트라이트를 받았다. 엔비디아는 어떤 기업일까.게임·그래픽 작업 위한 GPU 업체로 시작 엔비디아는 1993년 대만 출신 미국인 젠슨 황이 커티스 프리엠·크리스 말라초스키와 손을 잡고 설립한 회사다. 원래 CPU(중앙처리장치) 생산을 목적으로 창업했는데 당시 인텔이 CPU 시장을 독점하고 있어서 그래픽처리장치(GPU)로 눈길을 돌렸다.엔비디아는 창업 초기에는 파산을 걱정할 정도로 경영이 어려웠다. 하지만 1997년 출시한 ‘RIVA128’이라는 GPU가 히트하면서 순식간에 PC용 GPU 시장의 강자로 떠올랐다.엔비디아는 현재 게임·데이터센터·가상현실(VR) 가동에 필요한 GPU 생산에 주력하고 있다. 게임과 데이터센터에 들어가는 그래픽카드가 매출의 절반 이상을 차지한다. GPU를 이용한 비트코인 채굴기 열풍으로 한때 주가가 폭등하기도 했다.AI·자율주행차 열쇠 쥔 반도체 업체로 성장 최근 엔비디아는 GPU 업체를 넘어 4차산업혁명 분야까지 사업범위를 넓히는 등 ‘반도체 공룡’으로 거듭나고 있다. GPU가 AI와 자율주행을 구현하기 위한 핵심 반도체로 떠올랐기 때문이다.GPU는 그동안 그래픽에만 집중했지만 최근에는 수많은 데이터를 동시에 처리하는 ‘병렬 연산’에 뛰어난 특징을 활용해 AI (인공지능)장비와 데이터센터 서버에도 널리 쓰이고 있다. 엔비디아는 이러한 반도체 기술력을 이용해 테슬라와 도요타·아우디·벤츠·볼보 등 글로벌 자동차 메이커와 자율주행차 개발을 협력하며 시장에서 입지를 확대하고 있다.엔비디아는 이번 ARM 인수로 고성능 컴퓨팅 시장에도 본격 진출할 것으로 보인다. 젠슨 황 CEO는 “엔비디아의 AI·그래픽 기술이 ARM의 생태계와 결합해서 IP(지적재산권) 포트폴리오를 확대하는 데 도움을 줄 것”이라고 밝혔다.[최인준 기자 pen@chosun.com] ▶ 당신을 위한 맞춤 뉴스 '뉴스레터' 신청하기▶ 집 있어도 없어도 스트레스, 혼돈의 부동산 ▶ 유용원 군사전문기자의 밀리터리시크릿 '밀톡'  ",0.0,0.0,0.8,0.8
"""암호화폐 투자하세요""…3700명 속인 유사수신업체","[머니투데이 유승목 기자] /삽화= 임종철 디자인기자암호화폐 거래사업으로 고수익을 보장하겠다고 속여 314억을 빼돌린 유사수신업체 대표가 경찰에 구속됐다.12일 뉴스1에 따르면 부산 동래경찰서는 유사수신업체 대표 A씨를 이날 유사수신행위 규제에 관한 법률 위반 혐의로 구속해 검찰에 송치했다고 밝혔다.A씨는 지난해 3월부터 올해 1월까지 약 10개월여 간 '암호화폐 소액주주 10만명을 모집해 한국과 미국, 중국에서 가상화폐 거래소를 동시에 개소할 예정'이라며 투자자들을 모았다. 이어 '암호화폐 1코드에 130만 원을 투자하면 10개월 뒤 200만 원을 돌려주겠다'고 속인 뒤 투자금 314억원을 가로챈 혐의를 받고 있다.이들은 부산 해운대구에 무허가 유사수신업체를 설립해 투자설명회를 열어 3787명의 투자자를 모집했다.피해신고를 접수한 경찰은 A씨와 업체 직원 19명을 차례로 검거했다.경찰 조사 결과 A씨는 빼돌린 투자금 314억원으로 개인적으로 암호화폐 거래에 투자하고 94평 아파트와 고급 외제차 등을 구입해 호화생활을 해온 것으로 드러났다.한편 최근 암호화폐를 이용한 유사수신 사기범죄가 2015년 12건에서 지난해 38건으로 꾸준히 증가하는 추세임에 따라 검찰은 4월까지 유사수신 등 불법사금융 일제단속 및 집중 신고기간을 운영해 엄중 처벌하겠다는 방침이다.▶빵~ 뜨는 따끈한 기사▶무료 만화 보고 선물도 받고~ ▶치어리더 vs 레이싱걸 유승목 기자 mok@mt.co.kr&lt;저작권자 ⓒ '돈이 보이는 리얼타임 뉴스' 머니투데이, 무단전재 및 재배포 금지&gt; ",0.0,0.0,-1.0,-1.0
바이낸스 악재 파장…566억 고파이 이용자 '발동동',"바이낸스 악재로 고파이 상환 시기 밀려날 듯코인투자자 50% ""금융위가 변경신고 수리해야""[서울=뉴시스]이지영 기자 = 세계 최대 코인거래소 바이낸스 대형 악재에 국내 고파이 이용자들이 발을 동동 구르고 있다. 바이낸스가 미국 증권거래위원회(SEC)로부터 제소당하면서 고팍스 인수에 난항이 예상되기 때문이다. 현재 고파이에 묶인 566억원은 금융당국이 고팍스의 가상자산사업자 변경신고를 수리해야만 상환된다.11일 업계에 따르면 고파이 이용자들의 자금 상환이 당초 예정 시기보다 늦어지고 있다. 앞서 업계 관계자들은 고파이 미상환 자금이 이르면 5월 말 지급될 것이라고 전망한 바 있다.상환 지연의 결정적 배경으로 '바이낸스 규제 리스크'가 꼽힌다. 특히 최근 SEC의 바이낸스 제소로 해당 리스크가 더욱 심화하면서 상환 시기가 더욱 밀려날 거란 관측이 우세하다. 앞서 금융당국이 고팍스 변경신고 수리 결정을 미루면서 밝힌 배경 역시 바이낸스 규제 리스크였기 때문이다.실제로 금융위원회 금융정보분석원(FIU)은 지난 3월 바이낸스가 미국 상품선물거래위원회(CFTC)로부터 제소당했을 당시에도 관련 내용에 대한 소명을 받은 바 있다. 변경 신고한 바이낸스 인사의 적격성뿐 아니라 미국 등에서 제기한 바이낸스의 '자금세탁 개입 의혹'에 대해 면밀히 살필 의지를 내비친 것이다.이는 이번 SEC 제소에도 똑같이 적용될 전망이다. SEC 역시 CFTC와 마찬가지로 바이낸스와 자오창펑(CZ) 최고경영자(CEO) 등을 법률 위반 혐의로 고소했다는 점에서다. SEC는 현재 바이낸스가 가상자산 거래량을 부풀리는 등 기망 행위를 저질렀다고 보고 있다.금융당국 관계자는 ""바이낸스를 둘러싼 규제 리스크가 희석되지 않은 상황에서 유사한 악재가 또다시 터졌다. 변경신고 수리 과정에서 봐야 할 게 늘어났다""며 ""대주주 적격성을 살피기 위해 SEC 등 미국 금융당국의 동향을 살필 예정""이라고 말했다.이 가운데 코인투자자 10명 중 5명은 고파이 이용자 구제를 위해 금융당국이 변경신고 수리를 승인해 줘야 한다고 밝혔다.변창호 코인사관학교 운영자가 지난 8일 실시한 설문조사에 따르면 참여자 958명 중 47%는 ""금융위가 고팍스 변경신고 수리를 승인해야 한다. 피해자 구제가 우선시 돼야한다""고 응답했다.또 바이낸스 같이 자금세탁 리스크가 있는 해외 거래소의 국내 진출은 막아야 한다는 의견이 31%, 아직은 따져볼 게 많아 보류해야 한다는 의견은 22%로 나타났다. 한편 SEC는 바이낸스에 대한 압박 수위를 높이고 있는 상태다. 제소에 이어 자산동결 긴급명령까지 요청한 것이다. SEC는 이를 통해 바이낸스 자산의 소멸과 증거 인멸을 막을 방침이다. 개리 겐슬러 SEC 위원장은 성명을 통해 “자오창펑과 바이낸스는 광범위한 속임수와 이해관계 상충, 정보공개 결여 등으로 얽혀 있다""며 ""법을 회피하려 치밀하게 계산했다""고 지적했다．",0.0,0.0,-0.8,-0.8
"짐 로저스의 경고…""80년만에 가장 큰 침체 온다""","美매체 인터뷰 ""다음 약세장은 내 생애 최악""과도한 부채, 차입 증가에 경기침체 더 심각달러 대안 찾는 외환시장…""2-3년내 악화될 것""[서울=뉴시스] 최진석 기자 = 29일(현지시간) 외신에 따르면 글로벌 투자 전문가 짐 로저스가 80년 만의 가장 큰 시장 침체에 대비하고 있다고 말했다. 사진은 지난해 2월 로저스가 한국을 찾았을 당시 모습. (공동취재사진) 2022.02.24. photo@newsis.com[서울=뉴시스] 최현호 기자 = 글로벌 투자 전문가 짐 로저스가 80년 만의 가장 큰 시장 침체가 예상된다고 말했다.29일(현지시간) 비즈니스인사이더에 따르면 로저스는 최근 리얼비전과의 인터뷰에서 이같은 최악의 시장침체를 포함, 향후 나타날 수 있는 상황과 관련한 몇 가지 경고를 내놨다.먼저 ""지난 14년 동안 부채가 엄청나게 증가했기 때문에 다음 약세장은 내 생애 최악의 시장이 될 것""이라고 말했다. 과도한 부채로 인해 발생한 2008년 금융위기 이후 차입이 더 늘었기 때문에 훨씬 더 심각한 경기침체가 임박했음을 시사한 것이다.그는 또 부채한도 인상을 둘러싼 미국의 정치적 교착 상태와 관련해 ""우리는 항상 워싱턴에 대해 걱정해야한다""면서 ""그들은 자신들이 무엇을 하고 있는지 전혀 모르고 있다""고 말했다.로저스는 달러 가치 하락과 관련해서도 ""당신은 극도로 걱정해야 한다""면서 ""많은 국가들이 끔찍한 부채 문제 때문에 미국 달러에 대한 대안을 찾기 시작했다""고 언급했다. 이어 ""나는 모든 것을 지켜보고 있다""면서 ""앞으로 2~3년 안에 통화 시장에서 나쁜 일이 일어날 것""이라고 덧붙였다.금리와 관련해선 ""전 세계적으로 더 높아질 것""이라면서 ""이번에는 인플레이션을 죽이기 위해 얼마나 높이 올릴지 모르겠다""고 말했다. 그러면서 ""전 세계적으로 지난 몇 년 간 이렇게 많은 부채, 지출, 현금 인쇄를 본 적이 없다. 그래서 이번에 이 문제(인플레이션)를 해결하려면 뭔가(금리인상) 아주 파멸적이어야 할 것""이라고 부연했다.로저스는 그외에도 ""부동산 시장, 주식 시장, 채권 시장, 외환 시장 등 모든 시장에 문제가 있을 것""이라면서 ""다가오는 상황에서 살아남으려면 현금이나 공매도에 대해 배워야 한다""고도 언급했다.그러면서 ""인플레이션이 있을 때 가장 좋은 투자처는 실물 자산이고, 실물 자산은 상품(원자재)""이라면서 ""내가 아는 가장 저렴한 자산은 여전히 상품""이라고 덧붙였다.암호화폐와 관련해선 ""전 세계 화폐가 비트코인으로 전환될 것이라고 생각하지 않는다. 디지털 머니의 세상이 되겠지만, 정부 주도의 디지털 머니가 사용될 것""이라고도 언급했다．",0.0,0.0,-1.0,-1.0
역대 최대 '카드론' 규제 검토…중저신용자 피해는 고민,"DSR 조기적용 등 대출규제 전망사업·생활자금 성격…서민피해 우려[이데일리 이승현 기자] 역대 최대수준으로 불어난 장기카드대출(카드론) 규제문제를 두고 금융당국 고심이 깊다. 가계대출 총량을 축소하려면 카드론이 규제에 포함되어야 하지만 이 경우 주요 수요층인 자영업자와 중저신용자에 대한 후폭풍이 만만치 않아 보인다.(사진=연합뉴스)10일 금융감독원에 따르면, 올 상반기 카드론 이용액은 28조9000억원으로 전년 동기의(25조4000억원)에 비해 13.8%(3조5000억원) 늘었다. 지난해 상반기 카드론 증가율이 전년 동기 대비 8.6%인 점에 비하면 올 들어 크게 늘어난 것이다.올 상반기 전체 카드대출 이용액이 5.8% 늘어난 것에 비해서도 특히 카드론의 증가율이 월등히 높다.카드론 급증에는 이른바 ‘빚투’(빚내서 주식이나 가상자산 투자)와 ‘영끌’(영혼까지 끌어모아 부동산 등 투자) 열풍이 컸다. 여기에 당국의 규제 강화로 시중은행 대출창구가 막히자 수요가 카드론 등으로 몰리는 풍선효과도 있었던 것으로 분석된다. 금융당국은 이달 중순 발표할 가계부채 추가 대책에 카드론 규제방안을 포함시킬 가능성이 높다. 올해 가계대출 증가율 목표치인 6%대를 충족하려면 거의 모든 대출을 줄여야 하기 때문이다.당국은 오는 2023년 7월까지 3단계로 나눠 시행되는 총부채원리금상환비율(DSR) 규제의 조기 적용을 적극 검토하고 있다. 많은 종류의 대출을 DSR 규제의 틀에 넣어 가계대출 감축을 강화하겠다는 것이다.이와 관련해 카드론이 DSR 조기 적용 대상에 포함될 지 관심사다. 카드론은 내년 7월까지 DSR 규제가 유예된 상황이다. 현재 DSR 규제에서 벗어나 있기 때문에 은행 문턱을 넘지 못한 수요자들이 카드론에 몰리는 측면이 있다. 고승범 금융위원장은 카드론의 DSR 조기 적용 방안에 대해선 “아직 확정된 바 없다”고 했다.이런 가운데 금융당국은 올 들어 증가율이 높은 신용카드사를 불러 대출총량 관리 강화를 주문하고 있다. 일부 카드사들은 다중채무자에 대한 신규대출을 축소하고 나섰다.대출금리도 상승세다. 여신금융협회 공시에 따르면 지난 8월 말 기준 7개 전업 카드사의 표준등급 기준 평균 금리는 연 12.54~15.55%로 7월 말(연 12.66~13.96%)에 비해 상단이 1.59%포인트 올랐다.문제는 카드론이 주로 자영업자와 소상공인 등의 사업자금에 쓰인다는 점이다. 코로나19 장기화 여파에 생활자금 용도로도 많이 사용됐을 것으로 추정된다.이용자의 상당수가 중저신용자인 만큼 카드론 접근이 막힌다면 대부업체를 찾거나 심지어 불법 사금융으로 밀려날 수 있다는 우려가 적지 않다. 당국은 1금융권은 물론 저축은행과 상호금융 등 2금융권 전반에 대한 대출 규제도 강화하고 있다. 금융권 관계자는 “급전 용도로 사용하는 카드론조차 막힌다면 저신용자가 제도권 금융에서 갈 수 있는 곳이 거의 없다”고 말했다.",0.0,0.5,0.5,-0.8
"'루빗' 파산선언 이틀만에 번복…코인 투자자들 ""못믿겠다""","암호화폐 거래사이트 '루빗'의 거래재개 안내 공지사항 © 뉴스1(서울=뉴스1) 송화연 기자 = 국내 암호화폐 거래사이트 '루빗'이 파산을 선언했다가 비판에 직면하자, 설연휴 이후 서비스를 재개하겠다고 번복해 빈축을 사고 있다.지난해 11월 문을 연 암호화폐 거래사이트 '루빗'은 지난달 30일 돌연 파산을 선언했다. 암호화폐를 거래하는 과정에서 오지급·오출금 등 전산오류가 빈번하자 이로 인해 4억원의 손실이 났다는 것이 이유였다. 그러나 루빗은 이날 홈페이지에서 ""설 연휴기간에 전산오류를 바로잡고 2월7일 낮12시부터 거래를 재개하겠다""고 안내했다. 언론의 비판보도가 이어지자, 파산을 선언한지 이틀만에 설연휴 직후인 오는 7일 거래를 재개하겠다며 입장을 번복한 것이다.이 때문에 루빗에서 암호화폐를 거래하는 800여명의 투자자들은 현재 좌불안석이다. 이 거래사이트의 거래규모는 약 50억원에 달하는 것으로 추정된다. 만약 루빗이 파산을 하게 되면 투자자들은 이 돈을 고스란히 다 날리게 된다.루빗에서 암호화폐를 거래하고 있는 한 투자자는 ""언론이 관심을 갖고 보도하고 투자자들이 소송하겠다고 나서자, 급한 불을 끄기 위해 서비스를 재개한다고 하는 것 아니냐""며 불신을 드러냈다.암호화폐 거래사이트의 '먹튀' 사건은 끊이질 않고 있다. 지난해 6월에는 암호화폐 거래사이트 '코인레일'이 해킹으로 약 400억원의 고객자산이 유출됐고, 같은해 11월에는 '퓨어빗'이 자체 발행한 암호화폐 '퓨어코인'을 투자자에게 판매해 약 31억원을 꿀꺽한뒤 종적을 감췄다.홍준영 한국핀테크연합회 의장은 ""우리나라에 200개 암호화폐 거래사이트들이 난립하고 있는데 자전거래·해킹 등 폐해가 심각하다""고 지적했다. 전하진 한국블록체인협회 자율규제위원장은 ""잘 알려진 곳조차 고객의 신뢰를 받을만한지 염려되는 부분이 많다""고 우려했다.이에 업계는 정부가 하루빨리 암호화폐 거래에 대한 가이드라인을 제정해야 이같은 부작용을 줄일 수 있다고 입을 모은다. 그러나 금융당국은 암호화폐에 대한 부정적인 입장을 고수하고 있는 상황이다.업계 한 관계자는 ""정부는 거래사이트의 사기나 해킹사고가 발생할 경우 이에 대한 책임소재 때문에 업태를 규정하지 않고 있는 것""이라며 ""정부가 암호화폐 거래산업에 대한 업태를 규정하지 않으면서 투자자 피해만 커지고 있다""고 지적했다.hwayeon@news1.kr▶ [ 크립토허브 ]  [ 터닝포인트 2019 ] ▶ 네이버 메인에서 [뉴스1] 구독하기![© 뉴스1코리아(news1.kr), 무단 전재 및 재배포 금지]",0.0,0.5,0.5,-0.8
몽고DB 취약점 노린 랜섬웨어 공격 기승,"오픈소스 기반 데이터베이스(DB) '몽고DB'에 대한 랜섬웨어 공격으로 최소한 2만7000여 개 이상의 시스템이 피해를 보았다고 9일(현지시간) 주요 외신들이 보도했다.네덜란드 소재 GDI재단의 빅토르 게베르스와 노르웨이의 보안 전문가 닐 메리간 등에 따르면 몽고DB 이용자 중 보안 패치를 제대로 하지 않은 이용자들이 피해를 입었으며, 0.2∼1비트코인을 요구받은 것으로 알려졌다.몽고DB는 NoSQL DB 형태의 오픈소스 DB 엔진으로, 비싼 사용료를 내는 오라클 DB를 대신하기 위해 개발했다. 오픈소스 형태인 만큼 도입 후 개발자나 관리자의 보안 패치관리가 중요한데 이번 피해를 입은 이용자들은 대부분 이를 소홀히 해 피해를 입은 것으로 파악됐다.랜섬웨어 공격은 데이터에 일방적으로 암호를 걸어 '인질(Ransom)'처럼 삼는다는 의미에서 나온 말로, 세계적으로 의료기관이나 금융사는 물론 일반 개인에 이르기까지 광범위하게 피해를 입고 있다. 주로 동유럽이나 러시아 등지에 기반을 둔 범죄 조직이 주로 연루됐으나, 최근에는 아시아 기반 조직 등으로 랜섬웨어 공격자가 확대되고 있다.이재운기자 jwlee@dt.co.kr디지털타임스 홈페이지 바로가기/SNS 바로가기확바뀐 디지털타임스 연예·스포츠 섹션 바로가기&lt; Copyrights ⓒ 디지털타임스 &amp; dt.co.kr, 무단 전재 및 재배포 금지 &gt;이재운 jwlee@",0.0,0.5,0.5,-0.5
페이스북 리브라에 '먹구름'…페이팔도 철수,"비자, 마스터카드 등 금융사들 연쇄 탈퇴 조짐[아시아경제 이민우 기자] 세계 최대 규모 온라인 결제 서비스 업체 페이팔이 페이스북의 가상통화(암호화폐) '리브라' 사업에서 빠지기로 결정했다. 은행을 거치지 않고 금융 거래를 실현시키겠다는 페이스북 리브라의 목표를 확신하지 못했기 때문으로 풀이된다.4일(현지시간) 미국 경제매체 CNBC 등 주요 외신들에 따르면 페이팔은 리브라를 운영하는 연합체 '리브라협회'에서 탈퇴하기로 결정했다. 리브라 협회에는 페이스북을 포함, 최소 1000만달러(약 119억원)씩 투자할 28개 업체가 참여했다.페이팔 측은 ""리브라 협회에 더 이상 참여하지 않기로 했다""며 ""소외된 이들에게 금융 서비스를 이용할 수 있도록 하는 기존 회사 목표에 집중하기로 결정했다""고 공식 발표했다. 다만 ""아직 리브라의 이상을 지지하고 있으며 페이스북과도 다양한 형태의 제휴를 이어갈 것""이라고 덧붙였다. 페이스북과의 관계는 이어가지만 리브라 사업에 대해서는 철수하겠다는 입장이다.페이팔 뿐만 아니라 다른 업체들의 철수 조짐도 나타나고 있다. 월스트리트저널(WSJ)은 리브라 협회 참여가인 비자와 마스터카드 등 금융사들이 리브라 사업 참여를 재고하고 있다고 전했다. 이들이 추가로 탈퇴할 경우 리브라 사업 자체가 크게 흔들릴 것이란 전망이다. CNBC는 ""페이팔의 공개 탈퇴는 이 연합이 와해되기 시작했다는 신호일 수 있다""고 내다봤다.단테 디스파테 리브라협회 정책홍보실장은 성명을 통해 ""변화가 힘들다는 것은 우리도 알 고 있다""며 ""리브라 협회에 참여하는 기업들은 리브라가 이룰 미래에 대한 위험과 보상을 스스로 평가해야 한다""고 밝혔다.앞서 페이스북은 지난 6월 자체 발행 가상통화 리브라를 발표했다. 전 세계에서 은행계좌가 없는 사람이 17억명에 이르지만 이들 중 10억명은 휴대폰을 갖고 있어 리브라를 충분히 활용할 수 있다는 계산이다. 27억명에 달하는 페이스북 이용자를 기반으로 전 세계 해외 송금 수요를 흡수하고 광고 외에 다른 수익모델을 확보한다는 전략이다.하지만 발표 직후부터 금융당국과 각 정부 수반들로부터 거센 반발이 터져나왔다. 국가가 독점하던 화폐 발행, 유통의 권리를 위협하고 국제 통화 질서를 어지럽힐 것이란 우려 때문이었다.도널드 트럼프 미국 대통령은 지난 7월11일(현지시간) 자신의 트위터를 통해 ""비트코인 등 가상통화를 지지하지 않으며 리브라도 믿을 수 없다""며 ""페이스북과 다른 기업들이 은행이 되고 싶다면 국내외 은행들과 마찬가지로 은행업 인가를 요청하고 모든 금융 규제를 받아야 한다""고 비판했다.각국 금융당국에서도 일제히 우려를 표하고 있다. 제롬 파월 미국 연방준비제도(Fed) 이사회 의장도 지난 7월 10일 미 상원 금융위원회에 출석해 “개인정보 보호, 돈세탁, 소비자 보호, 금융 안정성 등의 우려를 해소할 때까지 페이스북이 리브라 프로젝트를 멈춰야 한다""고 지적했다. 브뤼노 르메르 프랑스 재정경제부 장관은 ""리브라가 기존 화폐를 대체해서는 안 된다""며 ""페이스북에 어떤 형태로든 보증을 요구할 것""이라고 했다. 러시아의 의회인 국가 두마의 아나톨리 아크사코프 금융시장위원장은 ""러시아는 리브라 사용을 허가하지 않을 것""이라고 단언했다.현재 미 하원 금융서비스위원회는 마크 저커버그 페이스북 최고경영자(CEO)를 불러 각종 의혹에 휩싸인 가상통화 사업 계획을 설명하도록 요구하는 방안을 추진 중이다.이민우 기자 letzwin@asiae.co.kr▶ 신강재강(身强財强) 해야 부자사주라고? 나는?▶ 경제 감각을 키우고 싶다면?  ▶ 재미와 지식이 가득한 '과학을읽다'&lt;ⓒ경제를 보는 눈, 세계를 보는 창 아시아경제 무단전재 배포금지&gt;",0.0,0.5,-0.8,-0.8
"암호화폐 과세, 연초 뜨거운 감자로 부상...업계 ""시장 빙하기"" 우려","암호화폐 과세 논의가 새해 뜨거운 감자로 부상했다. 최근 홍남기 부총리 겸 기획재정부 장관의 '암호화폐 과세' 발언이 나오면서다.정부는 올해 7월 공개하는 세법개정안에 암호화폐 과세에 관한 법적 근거와 과세 대상을 명시할 계획이다. 이에 따라 내년부터 실질적인 과세가 이뤄질지 관심이 쏠린다. 암호화폐 거래 침체기 여부가 이 같은 정책 도입에 변수가 될 가능성도 제기된다.14일 기획재정부 등에 따르면 홍 부총리는 “내국인도 비트코인 등 거래에 따른 수익이 나고, 이를 포착한다면 과세가 바람직하다”고 밝혔다.앞서 정부는 2017년 말부터 '내국인 가상화폐 소득세 과세'를 내부적으로 검토해 왔다. 국회에서 2~3년간의 국정감사 때 마다 '암호화폐 과세공백'에 대한 지적이 잇따랐다.이에 따라 기획재정부는 암호화폐 거래로 얻은 소득에 소득세를 매긴다는 방침을 세우고 올해 7월 발표될 세법 개정안에 반영한다는 방침이다. 만일 세법개정안이 마련된 이후 입법절차에 있어 차질이 없다면 올해 소득분에 대해 내년부터 과세가 될 수 있다.이 같은 정부의 과세 추진은 불로소득에 대한 과세를 강화하겠다는 취지와도 맞닿아 있다. 소득은 있지만 암호화폐 거래를 제도권으로 끌어들여 '소득이 있는 곳에 세금이 있다'는 과세원칙을 적용하겠다는 것이다.쟁점은 암호화폐의 '자산' 인정여부다. 암호화폐가 자산으로 포함되면 내국인에 대한 소득세 과세도 수월해진다.홍 부총리는 “비트코인 등 암호화폐에 대해 G20에서 화폐가 아닌 자산이라고 정의를 내렸다”면서 “자산으로 볼 경우 후속법률작업이 이뤄질 수 있다”고 덧붙였다.국제사회가 암호화폐를 자산으로 인정하고 있는 만큼 우리나라도 소득세를 매길 수 있다는 것이다.이 밖에도 국제 회계기준 상의 가이드라인이나 국제자금세탁방지기구(FATF) 기준에 따라 화폐가 아닌 '자산'으로 규정한다는 전제에서 실질적인 과세 논의로 이어진 것으로 보고 있다.특히 해외 세제를 기반으로 적용할 가능성이 높다. 미국 호주 등 상당수 국가도 자산으로 보고 과세한다.미국 국세청은 기본적으로 암호화폐는 자산의 일종이라는 입장으로 보고 있다. 다만, 달러화 등 법정화폐로의 전환이 가능해야 세금이 매겨진다.일본은 암호화폐로 발생된 수익을 다른 소득과 합산해 소득세를 부과하고 있다. 독일, 영국, 스위스 등 금융에 특화된 일부 나라가 자국에서 통용되는 세법에 맞춰 관련 정책을 만들어나가고 있다.또 다른 문제는 지난해 국회 정무위원회를 통과한 '특정 금융거래 정보의 보고 및 이용 등에 관한 법률'(특금법) 개정안은 국회에서 계류 중이라는 점이다.특금법이 국회 본회의를 통과할 경우 암호화폐를 일종의 '자산'으로 규정해 이를 취급하는 업체(거래소)를 등록하게 하고 거래자 실명을 확인할 수 있게 된다.정부가 누구에게 얼마만큼을 과세해야 하는지를 파악할 수 있는 근거가 마련되는 셈이다.다만, 업계에서는 정부가 암호화폐 거래소를 비롯해 투자자에 대한 과세가 본격화되면 시장이 더욱 얼어붙을 것이라고 염려한다.국내 거래소의 한 관계자는 “암호화폐 시장이 과거에 비해 침체중인 상황에서 사실상 규제가 더해진 것”이라고 토로했다.&lt;표&gt;암호화폐 과세에 대한 말말말! (자료:정부부처 보도자료)유재희기자 ryuj@etnews.com▶ 네이버 모바일에서 [전자신문] 채널 구독하기▶ 전자신문 바로가기 [Copyright ⓒ 전자신문 &amp; 전자신문인터넷, 무단전재 및 재배포 금지]",0.0,0.5,0.5,-0.8
세계 최초...휴대폰 안에 여권을 넣은 국내 중소기업,"모바일여권 전세계 특허낸 로드시스템…세금환급 서비스 확대관세청 등록 2000만명 정보 활용…제로페이 가맹점도 사용가능글로벌 신분인증 시장 252억불로 급증 전망“세계시장이 주 타깃""로드시스템 서울 마포 사무소에서 장양호 사장(오른쪽)과 이상철 감사가 모바일 여권에 대해 설명하고 있다. 안대규 기자전세계 유일한 공용 신분증인 여권. 국내 한 중소기업이 여권을 스마트폰에 탑재한 모바일여권 시스템을 세계 최초로 개발하며 글로벌 신분인증 시장에 돌풍을 예고하고 있다. 이 회사는 최근 외국인 상대 세금 환급 서비스를 확대하며 ‘포스트 코로나시대’를 대비하고 있다.모바일 솔루션기업 로드시스템은 QR코드를 기반으로 한 모바일여권 생성 시스템을 2016년 세계 최초로 개발해 작년까지 국내는 물론 미국 유럽 일본 중국 등에 잇따라 특허를 출원했다. 이 회사 애플리케이션(트립패스)을 스마트폰에 설치하면 블록체인 기술을 통해 암호화된 ‘일회용 여권 QR코드’가 자동으로 생성된다. 관세청에 등록된 연간 2000만명에 달하는 외국인 정보가 실시간 연동되면서 가능해진 서비스다. 국내에서 발생하는 여권 분실사고가 연간 10만건에 달한 가운데, 외국인들은 여권 분실이나 도용 걱정 없이 안전하게 휴대폰으로 신분 인증이 가능하게 된 것이다.로드시스템은 모바일 여권 기술을 기반으로 세금 환급 서비스로 사업 영역을 확대하고 있다. 정부는 외국인 관광객이 3만원 이상 국내 제품을 구입하면, 개별소비세 및 부가가치세(7~10%수준)를 환급해주는 정책을 시행하고 있다. 이 환급 혜택을 받기위해선 출국시 공항에서 장시간 줄을 서서 기다리며 여권과 구매 제품 영수증을 모두 제출해야 하는 등 불편이 컸다. 하지만 이 회사 앱을 활용하면 공항에서 기다리거나 구매 영수증을 따로 챙길 필요없이 환급할 세금을 공제한 할인 가격으로 제품을 구매할 수 있다. 이러한 서비스를 모바일로 제공하는 회사도 세계에서 로드시스템이 유일하다. 현재 대구시와 서울 동대문구 상가 일대에서 로드시스템의 기술을 활용한 외국인 세금 환급 서비스가 시행중이며 향후 신촌 홍대 제주 지역으로 확대될 전망이다.독보적인 모바일 여권 기술력 덕분에 국내외 기업들의 러브콜도 이어지고 있다. KB국민카드는 로드시스템의 신분 인증 기술을 활용해 외국인 전용 체크카드 발급을 추진하고 있다. 로드시스템은 KB국민카드와 3700억원 규모인 제주도 지역사랑상품권(지역 화폐) 운용사업에도 참여해 향후 18조원 규모인 전국 지역화폐시장에서도 우위를 점하게 됐다는 분석이다. 전국 제로페이 가맹점 62만곳에서도 이 회사의 신분 인증 및 모바일 결제기능이 활용되고 있다. 로드시스템은 올해부터 미래에셋대우와 함께 세계 최대 메신저앱인 위챗페이 회원을 대상으로 공동사업을 추진하고 있다. 12억명에 달하는 위챗페이 회원을 주요 잠재 고객군으로 확보하게 된 것이다. 로드시스템은 대우자동차 기술연구소 출신으로 소프트웨어 개발 경력만 25년인 장양호 사장이 2015년 설립했다. 세계 첫 모바일 여권 생성 시스템 개발도 그의 작품이다. 올들어 금융IT와 리스크관리 전문가인 이상철 전 외환은행 부행장이 이 회사 경영진에 합류했다. 그는 감사로 활동하며 글로벌사업 확대를 돕고 있다.모바일여권 기술의 장래가 촉망받는 이유는 올해 초 신종 코로나바이러스감염증(코로나19) 사태로 닫혔던 국경이 점차 열리고 있기 때문이다. 지난 8월 인천국제공항을 이용한 중국 관광객은 3만9356명으로 4월보다 세 배 가까이 급증했다. 정부는 지난 3월 중단됐던 일본과의 기업인 단기 방문도 특별입국 절차를 통해 8일부터 허용하기로 했다. 특히 블록체인 기반 신분인증 기술은 대표적 비대면 기술로 금융 결제 유통 등으로 연결되는 그 파급력 때문에, 전세계 시장이 252억달러(2025년)에 달할 것으로 전망되고 있다. 장양호 사장은 “이 기술을 통해 관광객에겐 편리함을, 사업주에겐 비용 절감을, 정부엔 투명한 조세환경을 제공하게 됐다”며 “아시아와 유럽을 비롯해 세금 환급 제도를 운영하는 전세계 82개국에 진출하는 것이 목표”라고 말했다. 안대규 기자 powerzanic@hankyung.com▶ #믿고 보는 #기자 '한경 기자 코너'▶ 네이버에서 한국경제 뉴스를 받아보세요▶ 모바일한경 구독신청 ⓒ 한국경제 &amp; hankyung.com, 무단전재 및 재배포 금지",0.0,0.0,0.0,0.8
"뉴욕증시, 긴축 공포 확산에 일제히 하락…애플 1.06%·테슬라 2.9%↓","S&amp;P 500, 1.16% 내린 3808.1 마감미국 뉴욕증시가 일제히 하락했다. 기술주 중심의 나스닥 지수는 전장보다 1.47%(153.52포인트) 내린 1만305.24로 장을 마감했다. /AP.뉴시스미국 뉴욕증시가 민간 고용 지표 호조로 긴축 우려가 커지면서 일제히 하락 마감했다.5일(현지시각) 뉴욕증권거래소(NYSE)에서 우량주 중심의 다우존스30산업평균지수는 전 거래일에 비해 1.02%(339.69포인트) 하락한 3만2930.08로 거래를 마쳤다.대형주 중심의 스탠더드앤드푸어스(S&amp;P)500지수는 전 거래일 대비 1.16%(44.87포인트) 떨어진 3808.1로 거래를 마감했다.기술주 중심의 나스닥지수는 1.47%(153.52포인트) 내린 1만305.24로 장을 마감했다.S&amp;P500 지수의 11개 부문은 에너지(1.99%)를 제외하고 모두 하락했다. △임의소비재 -0.95% △필수소비재 -0.99% △금융 -0.92% △헬스케어 -1.03% △산업 -1.09% △원자재 -1.6% △부동산 -2.89% △기술 -1.96% △커뮤니케이션 서비스 -0.55% △유틸리티 -2.22% 등을 기록했다.주요 종목들을 살펴보면 팔란티어 테크놀로지(-3.95%), AMD(-3.60%), 메타(-3.28%), 마이크로소프트(-2.96%), 스퀘어(-2.38%), 아마존(-2.37%), 세일즈포스닷컴(-2.35%), 알파벳C(-2.19%), 알파벳A(-2.13%), 스냅(-1.67%), 애플(-1.06%), 인텔(-0.43%), 메타(-0.34%) 등이 줄줄이 내렸다.특히 밈 주식으로 시장의 관심을 모았던 미국 생활용품 소매업체 베드배스앤드비욘드의 주가는 회사가 파산보호 신청을 검토 중이라는 소식에 29.88% 폭락했고, 테슬라의 주가는 12월 중국 시장의 인도 실적이 전월에 비해 크게 줄었다는 소식에 2.9% 하락했다.미국 가상자산 전문은행 실버게이트는 FTX 붕괴 여파로 뱅크런(예금 대량 인출)에 직면하면서 주가가 42.73% 급락했다.이날 시장은 미국의 민간 고용 지표와 연방준비제도(연준·Fed) 당국자 발언 지표를 주목했다.이어진 연준의 금리 인상에도 강력한 고용지표가 발표되면서 연준의 긴축 기조가 장기화할 것이라는 전망이 나오면서 투자 심리를 위축시켰다.ADP 전미 고용보고서에 따르면 12월 민간 부문 고용은 전달보다 23만5000명 증가했다. 이는 전문가 예상치인 15만3000명을 크게 웃돌았다.ADP 고용 지표는 이번 주 후반 나오는 노동부의 고용 보고서를 앞두고 미국 12월 고용시장의 상황을 판단할 수 있는 지표다.연준 역시 매파적 기조를 유지하면서 시장에서는 긴축에 대한 우려가 확산하고 있다.전날 공개된 12월 연방공개시장위원회(FOMC) 의사록은 ""2023년부터 연방기금 금리(미국의 기준금리) 목표치를 낮추기 시작하는 게 적절하다고 생각한 참석자는 한 명도 없었다""라고 밝혔다.에스더 조지 캔자스시티 연은 총재도 이날 CNBC와의 인터뷰에서 ""인플레이션에 2%로 확실히 떨어질 때까지 연준이 한동안 금리를 높은 수준에 유지해야 할 것""이라며 ""최종금리가 5% 이상이 될 것""이라고 했다.발로 뛰는 더팩트는 24시간 여러분의 제보를 기다립니다.▶카카오톡: '더팩트제보' 검색▶이메일: jebo@tf.co.kr▶뉴스 홈페이지: http://talk.tf.co.kr/bbs/report/write",0.0,0.0,-1.0,-1.0
"휴짓조각 된 '김치코인'…테라 권도형 ""비통하다""","""내 발명품, 모두에 고통 줬다""…실패 인정한국산 코인 루나와 테라USD(UST) 폭락 사태의 후폭풍이 거센 가운데, 테라폼랩스 권도형 최고경영자(CEO)가 사과의 뜻을 밝혔다.권 CEO는 13일(현지시간) 자신의 트위터에 ""지난 며칠간 UST 디페깅(1달러 아래로 가치 추락)으로 엄청난 충격을 받은 테라 커뮤니티 회원과 직원, 친구, 가족과 전화를 했다""며 ""내 발명품(루나·UST)이 여러분 모두에게 고통을 줘 비통하다""고 밝혔다.이번 폭락 사태와 관련해 처음으로 사과의 뜻을 밝히며 가상화폐 프로젝트의 실패를 인정한 것이다.그는 ""탈중앙화 경제에선 탈중앙화 통화가 마땅하다고 생각하지만, 현재 형태의 UST는 그런 돈이 아닐 것이라는 점이 확실하다""고 스테이블 코인 UST의 실패를 자인했다.이어 ""나를 비롯해 나와 연계된 어떤 기관도 이번 사건으로 이익을 본 게 없다""며 ""나는 (폭락 사태) 위기에 루나와 UST를 팔지 않았다""고 강조했다.그러면서 ""지금 지켜야 할 것은 테라 블록체인 공간을 가치 있게 만드는 커뮤니티와 개발자들""이라며 ""우리 커뮤니티가 앞으로 나아갈 최선의 길에 대한 공감대를 형성하고 다시 일어설 방법을 찾을 것으로 확신한다""고 말했다.루나와 UST는 최근 폭락 사태로 가치가 전혀 없는 휴짓조각이 됐고, 비트코인 급락을 초래하는 등 글로벌 가상화폐 시장에 큰 충격을 줬다.가상화폐 거래소 코인베이스에 따르면 루나의 현재 가격은 0.0001달러로 사실상 '제로'에 가깝다.1달러 가치에 연동되도록 설계된 스테이블 코인 UST 가격은 최근 24시간 동안 80% 넘게 추락한 12센트다.권 CEO는 그동안 '도 권'(Do Kwon)이라는 아이디의 트위터 계정을 통해 영문으로 트윗 글을 올리며 회원들과 소통해왔다.그는 테라폼랩스 본사가 있는 싱가포르와 한국을 오가며 일하는 것으로 알려졌지만, 현재 그가 어디에 머물고 있는지는 공개되지 않았다.권 CEO는 이날 사과 표명과 함께 '테라 생태계 부활 계획'도 공개했다.그는 10억 개 신규 토큰을 루나와 UST 보유자에게 분배하는 방식으로 테라 블록체인 네트워크 소유권을 재구성해 시스템을 다시 시작하겠다면서 회원들에게 동의 여부를 물었다.일부 투자자는 권 CEO의 제안을 지지했지만, 온라인 게시판에는 ""3만5천 달러(4천500만 원)를 잃었다"". ""내 평생의 저축을 모두 날렸다""는 항의 글이 쇄도했다.(사진=연합뉴스)",0.0,0.0,-0.8,-0.8
"바이낸스 NFT 플랫폼 아치루트 미스터리박스, 1차 이어 2차도 '완판'","사진=아치루트게임파이(GameFi) 기반의 신개념 웹3 UGC(User Generated Contents, 사용자 생성 콘텐츠) 게임 아치루트(ArchLoot)는 바이낸스 NFT 플랫폼에서 출시한 미스터리 박스(ArchLoot Mystery Box) 2차 물량 1000개를 완판했다고 11일 밝혔다.이는 앞서 매진된 1차 판매에 이은 것으로 1, 2차 모두 빠른 시간 내 완판을 기록했다는 설명이다. 아치루트 관계자는 ""1차 판매가 즉시 마감된 이후 바로 2차 판매를 실시했으며 이 역시 바로 마감했다""라며 ""지금까지 오픈된 모든 NFT가 빠르게 마감한 만큼 아치루트에 대한 뜨거운 기대와 인기를 실감할 수 있었다""고 말했다. 각각 200 바이낸스USD(BUSD)의 가격으로 제공되는 이번 NFT 미스터리 박스 컬렉션은 아치루트 게임에서 가장 희귀한 가젯으로 이뤄진 것이 특징이다. 아치루트의 NFT는 게이머가 자신만의 몬스터를 커스터마이징할 수 있는 희소성 있는 '신체 부품'이다. 게이머들은 이 NFT로 몬스터 아바타의 몸통, 머리, 하체, 액세서리 등을 조합해 자신만의 새로운 몬스터를 만들 수 있다. 또한 이러한 과정을 통해 예상치 못한 기술과 버프, 새로운 기능 등을 얻어 특별한 사용자 경험을 즐길 수 있다. 특히 아치루트 미스터리 박스는 EIP-4985와 BEP-129에 의해 구동된다는 점이 주목된다. 이는 업그레이드 가능한 NFT의 온체인을 구현해 사용자 수정의 모든 메타데이터를 체인에 기록한다. 이로 인해 게이머는 자신만의 몬스터를 조합하기 위해 발휘한 고유의 '창의성'을 보호할 수 있으며, 숫자 형태로 디지털 자산을 생성할 수 있다. 이를 통해 생태계 간 협업의 장벽을 크게 낮출 것이라는 전망이 나온다.아치루트 미스터리 박스 NFT 보유자는 바이낸스 플랫폼에서 티켓을 상환해 희귀성을 확인하고, 아치루트 공식 홈페이지에서 실제 NFT 신체 부위를 공개할 수 있다. 아치루트 측은 ""다음 클로즈드 베타 테스트의 입장과 함께 모든 박스 홀더들은 비교할 수 없는 방식으로 초기 혜택과 인센티브를 공유할 것""이라고 밝혔다. 아치루트는 곧 이뤄지는 클로즈드 베타 테스트 이후 이번 분기 내로 공식 출시될 예정이다.관계자는 ""아치루트는 최고 수준의 플레이 가능성과 지속성을 갖춘 게임을 만드는 길을 멈추지 않았으며, 그 결과 아치루트와 같은 게이머 주도의 프로젝트를 선보이게 됐다""라며 ""NFT 컬렉션의 성공적인 판매는 더 큰 비전을 향한 새로운 시작일 뿐이며, 다가오는 공식 런칭에서는 사용자 생성 콘텐츠의 큐레이션된 경험에서 나란히 작동하는 게임을 만나볼 수 있을 것""이라고 전했다. 조나단 유바비시우스(Jonathan Ubavicius) 아치루트 최고경영자(CEO)는 ""BNB Chain은 활발한 커뮤니티를 가로질러 물결을 일으키는 많은 GameFi 프로젝트들의 본거지""라며 ""재미와 희귀 NFT로 인한 수익성, 그밖에 정신적인 민첩성과 감정적인 방출을 촉진할 수 있는 web3 게임의 힘을 믿는다""고 말했다. 한편 아치루트는 NFT 기반의 UGC 게임으로, 전리품 스타일의 컴포저빌리티와 플레이 가능성을 갖추고 있다. BNB 체인을 기반으로 구축돼 업계 최초로 인터랙티브 게임플레이를 제공하며 업그레이드 가능한 캐릭터/프롭 NFT의 온체인 구현을 완전히 가능하게 한다. 현재 세계 유수의 게임 퍼블리셔, 블록체인 프로젝트, 금융 엘리트들이 함께 하고 있으며 바이낸스 NFT, FBG Capital, Alphabet, YGG SEA를 포함한 투자자 및 협업 네트워크를 확장하고 있다. &lt;블록체인·가상자산(코인) 투자 정보 플랫폼(앱) '블루밍비트'에서 더 많은 소식을 받아보실 수 있습니다&gt;",0.0,0.0,0.8,0.8
코인러도 주주도 울었다…위믹스 폭풍 속 위메이드 신저가 추락," 25일 경기도 성남시 위메이드 사옥 모습 [사진 출처 = 연합뉴스]“게임이 좋아야지...코인만 발행하더니.” “위메이드는 게임회사냐 코인회사냐.” “플랜B도 없는 건가.” 포털 사이트 위메이드 주식 게시판에 올라온 글들이다. 위메이드가 발행한 가상화폐 ‘위믹스(WEMIX)’가 끝내 상장폐지되면서 위믹스 투자자와 위메이드 주식 투자자 모두 멘붕에 빠진 하루였다.8일 위메이드는 전일대비 7650원(-20.29%) 내린 3만50원에 거래를 마쳤다.위메이드는 이날 2만9250원으로 52주 신저가를 경신했다. 위메이드 주가가 3만원선 아래로 내려온 것은 지난해 8월 이후 1년 4개월여 만이다. 지난해 11월 22일 주가 고점 24만5700원에 비해서는 87.7% 하락했다. 거의 8분의 1토막이 난 셈이다.위메이드의 자회사인 위메이드맥스도 20.50%, 손자회사인 위메이드플레이는 4.29% 하락했다.이날 위메이드와 위메이드 관련주의 주가 급락은 전날 법원이 위메이드가 제기한 위믹스의 상장폐지 취소 가처분이 기각된 데 따른 것이다. 일각에서는 암호화폐가 상장폐지 직전 일시적으로 시세가 폭등하는 상폐빔을 기대하기도 했다.하지만 위믹스는 업비트 기준으로 이날 오후 3시 209원을 끝으로 거래가 종료됐다. 전날 저녁 500원대의 시세에서 반토막 이상 하락한 가격이다.법원의 가처분 소송 결과 발표를 전후해 위메이드와 위믹스는 롤러코스터 행보를 보였다. 상장폐지 결정 이후 500원대에서 횡보하던 위믹스 가격은 전날 오전 10시경 갑자기 1265원으로 2배 넘게 폭등했다. 같은 시간 위메이드 주가도 덩달아 뛰었다. 2% 안팎의 상승세로 출발한 주가는 오전 10시경 7%대로 상승폭을 키웠다. 법원의 가처분 결정이 예상보다 늦은 시간에 나온다는 소식이 전해지면서 위믹스가 기사회생할 수도 있다는 관측이 제기됐기 때문이다.하지만 위믹스와 위메이드의 강세는 오래가지 못했다. 불과 1시간 만에 위믹스 가격은 730원까지 내려앉으며 40% 가량 빠졌다. 위메이드 주가도 8.09% 약세로 돌아섰다. 7% 상승에서 8% 하락까지 1시간 동안 15% 가량 주가가 움직인 것이다.결국 법원이 장 종료 이후인 전날 저녁 8시 위믹스의 가처분을 기각하자 위믹스 시세는 급등 이전 수준과 비슷한 562원으로 복귀했다.앞서 지난 10월 말 디지털자산거래소 공동협의체 DAXA(닥사)는 업비트, 빗썸, 코인원, 코빗 등 국내 가상화폐 거래소에서 위믹스의 거래지원 종료를 결정했다고 밝혔다. 위믹스가 코인 거래소에 밝힌 월별 유통량 계획보다 많은 수량을 유통했다는 이유에서다.위믹스를 이용해 가상화폐 생태계를 꾸리겠다던 위메이드의 청사진에도 큰 타격이 예상된다. 위믹스가 국내 주요 거래소에서 상장폐지가 된다고 해서 위믹스 코인이 사라지는 것은 아니다. 원화로 위믹스를 사고 파는 것이 힘들어질 뿐이다. 자연히 위믹스의 시세는 낮아질 가능성이 크다.위메이드는 유저들이 게임을 통해 위믹스를 채굴하고 이 코인으로 게임머니나 아이템을 사고팔 수 있도록 하는 생태계를 조성해왔다. 현재까지 위믹스를 쓸 수 있는 게임은 모두 20여종이고 위메이드는 100개의 게임을 위믹스 플랫폼에 얹겠다는 계획을 밝혔다. 하지만 위믹스 플랫폼의 활성화는 위믹스 코인 시세의 상승을 전제로 한 것인 만큼 위메이드 블록체인 사업에도 비상이 걸린 셈이다.임희석 미래에셋증권 연구원은 “이번 상장폐지에 따른 영향으로 위믹스 플랫폼에 대한 불확실성 증대는 불가피하다”며 “온보딩을 고려하는 게임사들의 부담 증가로 플랫폼 확장세는 둔화될 것으로 판단된다”고 말했다.이어 “플랫폼 매출액 비중은 1% 미만으로 당장의 실적 영향은 제한적일 것으로 예상되지만 위믹스 코인 자체에 대한 불확실성 증대로 기존 온보딩 된 블록체인 게임들의 트래픽 감소 및 매출 감소 가능성은 존재한다”고 덧붙였다.",0.0,0.5,0.5,-0.8
"KT알파, 메타버스 기반 디지털 거래 플랫폼 만든다","지난 13일 김정선(왼쪽 1번째) 한국토지신탁 대표, 정기호(왼쪽 2번째) KT알파 대표, 최준용 후오비코리아 공동대표가 서울 강남구 한국토지신탁 본사에서 열린 ‘메타버스 및 NFT 등 시닉술 비즈니스 협력 업무협약식’에 참여해 기념 촬영을 하고 있다. / 사진=KT[서울경제] KT(030200)의 유통 자회사 KT알파(케이티알파(036030))가 부동산금융회사 한국토지신탁(034830), 가상자산 사업자 후오비코리아와 손을 잡고 메타버스 기반의 암호화폐 및 디지털 자산 거래 시스템 개발에 나선다.14일 KT알파는 한국토지신탁, 후오비 코리아와 메타버스 제휴협력을 위한 업무협약(MOU)을 체결했다고 밝혔다. 이번 협약에 따라 3사는 가상토지, 가상부동산과 같은 가상자산에 대한 거래시스템을 구축하고, 메타버스 기반의 디지털 아이템 거래 및 콘텐츠형 서비스 개발을 통해 미래 경쟁력을 확보해 나갈 계획이다.KT알파는 메타버스 월드맵 플랫폼 구축과 쇼핑, 콘텐츠 등 거래 서비스 발굴·운영을 맡는다. 한국토지신탁은 대체불가능토큰(NFT) 기반 가상부동산 환경 조성 및 분양(임대)과 가상자산을 활용한 금융시스템 구상을, 후오비코리아는 가상자산·아이템 NFT 거래를 담당한다.한국토지신탁은 업계 최대 수준의 자본 규모와 업력을 기반으로 국내 부동산 신탁업계를 선도해 온 종합 부동산 금융회사로, 최근에는 NFT, 메타버스, 블록체인 등 미래형 사업으로의 진출을 위한 전담TF팀을 신설하는 등 신규 사업분야에서도 적극적인 모습을 보이고 있다. 후오비코리아는 글로벌 상위 거래소인 후오비 그룹의 한국 법인으로, 글로벌 거래소 최초로 국내 ISMS(정보보호 관리체계) 인증을 획득했으며, 금융위원회 금융정보분석원(FIU)에서 가상자산사업자(VASP) 자격을 얻었다.정기호 KT알파 대표이사는 “올 상반기부터 본격적으로 ‘옴니버스 메타밸리(가칭)’ 플랫폼 구축사업에 착수할 예정”이라며, “향후 KT알파의 주요 사업군인 K쇼핑, 콘텐츠 유통 등도 플랫폼 내 거래 서비스 형태로 만나볼 수 있도록 구현해나갈 것”이라고 말했다.한편, KT알파는 1991년 설립 이후 30여년간 축적해온 기술력을 바탕으로 빅데이터, 가상현실(VR), 인공지능(AI), 사물인터넷(IoT), 블록체인 등 정보통신기술(ICT) 플랫폼 및 솔루션 서비스를 제공하고 있으며, T커머스 ‘K쇼핑’ 운영 및 모바일쿠폰 ‘기프티쇼’, 디지털 콘텐츠 유통사업을 전개하고 있다.",0.0,0.0,0.8,0.8
"英 FCA, 암호화폐 파생상품 금지...""크립토 반감 드러내"" 外","[英 FCA, 암호화폐 파생상품 금지...""크립토 반감 드러내""]6일(현지시간) 코인텔레그래프(Cointelegraph)는 암호화폐 파생상품 판매를 전면 금지한 영국 금융감독청(FCA)의 결정이 암호화폐에 대한 해당 기관의 반감을 드러낸다고 전했다. 매체에 따르면 영국 런던 소재 디지털 자산 전문 자산운용사 코인셰어스(CoinShares)의 고위 관계자 Townsend Lansing는 “거래 금지 조치가 부당하다는 업계 전문가들의 만류에도 불구하고 FCA가 금지 목록에 암호화폐 상장지수증권(ETN)을 포함 시켰다”며 “ETN을 포함한 암호화폐 기반 금융 파생상품의 개인 대상 영업을 금지한 FCA의 결정에 실망했다”고 밝혔다. 이어 “이러한 조치는 개인 투자자를 정식 규제를 받지 않는 암호화폐 거래소로 몰아넣는 결과를 초래할 것”이라고 경고했다. 또한 파생상품에 대한 판매 금지 조치는 암호화폐에 대한 FCA의 반감을 드러낸 것이라고 분석했다. 앞서 복수의 외신에 따르면 영국 금융행위관리국(FCA)이 개인소비자 대상 암호화 자산 파생상품 판매를 금지했다. 해당 금지령은 내년 1월 6일 발효된다.[트럼프, 코로나 부양책 협상 중단 지시]6일(현지시간) 도널드 트럼프 미국 대통령이 대선 전까지 민주당 협상팀과의 코로나19 5차 부양책 협상 중단을 지시했다. 그는 자신의 트위터를 통해 민주당 측 낸시 펠로시 하원 의장을 언급하며 ""우리가 1조6000억 달러 규모의 관대한 방안을 제시했지만 그는 이전과 다름 없이 성의 없는 협상 모습을 보이고 있다""고 강조했다.[구글 클라우드 EOS BP 참여 예정...EOS 강세]블록원이 EOS 커뮤니티에 구글 클라우드가 참여한다고 밝혔다. 구글 클라우드 개발자 앨런 데이에 따르면 구글 클라우드는 향후 EOS BP로 네트워크 운영에 참여한다는 계획이다. 해당 소식이 전해진 후 EOS는 10%대의 상승폭을 기록하며 2.6 달러를 돌파했다.[골드만삭스 前 CTO, 블록원 자문 위원장으로 합류]더 블록에 따르면, 골드만삭스 전 CTO인 마티 차베스가 EOSIO 개발사 블록원 자문 위원회 위원장으로 합류했다. 차베스는 크리스 지안카를로 전 CFTC 위원장의 자문역을 맡고 있기도 하다. 미디어는 차베스에 대해 ""월가에서 가장 유명한 테크니션 중 한 명이 암호화폐 업계로 유입됐다""고 평가했다. 블록원은 구글 클라우드가 EOS BP로 참여한다는 뉴스와 함께 해당 소식을 전했다.[외신 ""美 법원, XRP 유가증권 집단 소송 기각 요청 일부 인정""]지난해 리플(Ripple)사가 자사 가상통화 XRP 유가증권 문제를 둘러싼 집단소송에 대해 재판부에 소송 기각 요청 서류를 제출한 가운데, 최근 법원이 이를 일부 인정하는 판결을 내린 것으로 알려졌다. 암호화폐 전문 미디어 코인데스크에 따르면 지난주 미국 캘리포니아주 Phyllis J. Hamilton 판사는 리플사 및 브래드 갈링하우스(Brad Garlinghouse) 리플 최고경영자(CEO)에 대한 10건의 주장을 기각하라는 리플사 주장 일부를 인정했다. 이에 일각에서는 리플사가 증권법 사기 소송 관련 일부 유리한 고지를 점했다는 평가를 내놨다고 미디어는 전했다. 다만 해당 판사는 갈링하우스가 XRP 투자 상황 관련 일부 정보를 왜곡했다는 주장에 대한 기각 요청은 받아들이지 않은 것으로 알려졌다. 앞서 2018년 일부 투자자는 리플사가 2013년 일반 투자자 대상 XRP를 판매한 것이 증권법 위반이라며 소송을 제기한 바 있다.[美 유명 금융 리서치 기업 CEO ""비트코인 다 팔았다""]美 유명 금융 리서치 기업 헷지아이 리스크 메니지먼트의 키스 맥컬러프 CEO가 자신의 트위터를 통해 ""보유한 비트코인을 모두 팔았다""고 밝혔다.[리플 회장 ""리플, 적대적 환경 바뀌지 않으면 미국 떠난다""]크리스 라센 리플 이사회 의장이 ""미국 정부의 암호화폐에 대한 적대적인 입장이 바뀌지 않으면 미국을 떠나겠다""고 포춘지와의 인터뷰에서 밝혔다. 그러면서 그는 ""지금과 같은 환경이 개선되지 않으면 싱가포르, 영국 등 국가로 리플이 옮겨갈 수 있다""고 강조했다. 그는 이어 ""거의 대부분의 국가들이 미국보다 암호화폐에 더 잘 대처하고 있다""며 ""미국은 중국이 디지털 화폐 혁신을 주도하도록 만들고 있다""고 지적했다. 리플은 현재 미국 금융 당국과 XRP의 증권 취급 여부를 놓고 갈등하고 있다.[삼성 블록체인 월렛 자금세탁방지 계약 체결… 보안성 강화]5일(현지시간) 블록체인 사이버 보안 전문 기업인 웁살라시큐리티(Uppsala Security)가 삼성전자와 ‘블록체인 서비스 AML(자금세탁방지) 통합 계약’을 체결했다고 밝혔다. 이에 따라 전세계에서 수집한 위협 데이터베이스(TRDB)를 기반으로 구축한 AML 솔루션이 삼성전자 가상자산 지갑 서비스 ‘삼성 블록체인 월렛’에 직접 연동된다. 향후 삼성 블록체인 월렛 이용자는 가상자산 송금시 상대 월렛의 해킹,다크웹 등 범죄 사용 이력을 사전 조회하게 된다. 뿐만 아니라 해킹 등으로 이용자의 디지털 자산이 손실될 경우 상세 내역 페이지 내 ‘센티넬 포털(Sentinel Portal)’ 서비스를 통해 신고 및 추적요청을 할 수 있다. 또한 경찰 및 사법기관 제출을 위한 ‘거래 추적 보고서’를 제공받을 수 있다. 해당 서비스는 위험거래 탐지 시 푸시 알림을 통해 이용자에게 이를 즉시 알려준다. 웁살라시큐리티는 “프라이빗키 유출, 자격증명 해킹 등으로 자산이 유출될 경우 이용자가 이를 즉각 인지하기 어렵다”며 “향후 삼성 블록체인 월렛 이용자는 AML 솔루션을 통해 비정상적 거래를 즉각 알아차리게 될 것”이라고 설명했다.[코인니스 제공]▶ 네이버 메인에서 '매일경제'를 받아보세요▶ 궁금한 제조과정 영상으로 보세요. '이렇게 만들죠'▶ 매일매일 색다른 뉴스레터 '매콤달콤' 구독하세요[ⓒ 매일경제 &amp; mk.co.kr, 무단전재 및 재배포 금지]",0.0,0.0,-1.0,-1.0
투자자 보호 시급한데 계속 ‘패싱’되는 가상자산법 [국회 방청석],"9일 정무위 법안 올렸지만 논의 못해...4월로 또 밀려투자자 1500만명인데...규제 공백 장기화 우려 9일 국회 정무위원회 전체회의에서 온라인 플랫폼 공정화법 공청회가 열리고 있다. (연합뉴스)3월 국회에서도 가상자산 법안은 ‘패싱’됐다. 투자자 보호는 물론 규제 불확실성 해소를 통한 산업 육성을 위해서도 필요성이 강조되고 있지만, 국회는 지난해 11월부터 법안을 논의조차 하지 못하고 있는 형편이다.9일 국회 정무위원회는 법안심사 제1소위원회(법안소위)를 열고 가상자산 관련 법안 17건을 안건으로 채택했다. 가상자산 관련 법안은 이날 78개 안건 중 34번째부터 50번째로 논의될 예정이었다. 하지만 국가보훈처 소관 법안을 우선 심사하는 탓에 가상자산 법안은 또다시 다음 달 법안소위로 밀렸다.이날 법안소위는 국가보훈처 법안 6개에 대한 논의를 하는 데 그쳤다. 오전 10시 24분에 시작돼 1시간 30분 만인 오전 11시 55분 끝났다. 오후 2시부터는 온라인 플랫폼 법안 관련 공청회 일정이 잡혀 있었기 때문에, 논의를 위한 시간 부족은 사실상 예견된 상황이었다. 특히 민주유공자 예우 관련 법안에서 논의가 길어지면서 가상자산 법안이 논의되기까지는 절대적인 시간이 부족했다.현재 국회에 계류 중인 가상자산 관련 법안은 가상자산 관련 제정안 10개와 전자금융거래법 개정안 4개, 특정금융정보법(특금법) 개정안 2개, 그리고 금융위원회의 설치 등에 관한 법률 개정안 1개 등 총 17개다. 그중에서도 윤창현 국민의힘 의원 대표발의안(디지털자산 시장의 공정성 회복과 안심 거래 환경 조성을 위한 법률안)과 백혜련 더불어민주당 의원 대표발의안(가상자산 불공정 거래 규제 등에 관한 법률)이 대표적인 법안이다.두 법안 모두 투자자 보호와 불공정 행위 규제를 담고 있다. 미공개 중요 정보 이용 행위, 시세 조종 행위·부정 거래 행위 등 불공정 거래 행위 금지와 금융위원회에 가상자산 시장 감독과 검사 권한 부여 등 주요 내용도 동일하다.가상자산 법안은 지난해부터 이미 여러 차례 법안소위에 올랐지만, 계속 ‘패싱’된 바 있다. 지난해 막대한 투자자 피해를 낳은 ‘테라·루나 사태’ ‘FTX 사태’ 등의 사건 발생 후 투자자 보호의 필요성이 커졌다는 데는 여야 모두 공감했으나, 매번 법안소위마다 다른 현안에 밀리거나 정쟁 등을 이유로 논의가 미뤄진 것이다. 이재명 더불어민주당 대표가 2월 27일 오후 서울 여의도 국회 본회의장에서 열린 제403회국회(임시회) 제8차 본회의에서 본인의 체포동의안에 대한 신상 발언을 하고 있다. (조동현 기자)특히 지난달 27일에는 의결에 이르진 못해도 논의는 시작할 것으로 예상됐다. 법안소위가 오전과 오후 모두 열릴 것으로 계획돼 있었기 때문이다. 그러나 막판에 이재명 더불어민주당 대표 체포동의안을 위한 본회의가 오후 시간을 차지하면서 결국 가상자산 법안 논의는 또다시 밀렸다.게다가 현재까지는 대부분의 법안이 ‘투자자 보호’를 골자로 하고 있어, 업계가 요구하는 가상자산업권법까지 나아가는 데는 더 오랜 시간이 걸릴 것으로 보인다. 국내 가상자산 시장이 커지기 시작한 지난 2018년부터 투자자 보호를 포함한 가상자산업권법을 마련해달라는 업계의 요청이 쇄도했으나, 현재 가상자산 관련 법안은 사업자를 규제하는 특정금융정보법 개정안뿐이다. 업계는 관련 법안이 매번 뒷순위로 밀리는 것에 대해 답답한 심정을 토로하고 있다.일각에서는 지난해 기준 가상자산 투자자 수는 자그마치 1500만명에 달하는데도 가상자산 시장 투자자 보호를 위한 규제 공백이 장기화돼 문제가 크다고 지적한다. 지난달에는 유통량 문제 등으로 원화 거래 시장에서 작년 상장폐지된 코인 ‘위믹스’가 코인원을 통해 재상장되면서 시장 신뢰성 우려가 다시 부각되기도 했다. 김갑래 자본시장연구원 연구위원은 지난 6일 국민의힘 디지털 자산특위 민당정 간담회에 참석해 “자본 시장 대비 가상자산 시장의 규제 공백이 너무 크다”며 “시장 발전을 위해 디지털자산법 제정과 전자증권법, 자본시장법 개정이 시급한데 국회에서 우선 순위가 밀리고 있다”고 지적했다.특히 가상자산은 최근 들어 보이스피싱 범죄의 표적이 되는 등 피해자들이 속출하고 있어 정치권의 빠른 대처가 요망된다. 김희곤 국민의힘 의원이 금융위에서 확보한 자료에 따르면, 지난해까지 최근 3년 간 보이스피싱 관련 계정 정지 건수는 1318건, 피해액은 445억원대로 집계됐다. 이는 5대 가상자산 거래소에 접수된 사례만 집계한 것으로 피해 규모는 이것보다 더 클 것으로 예상된다.한편, 국회는 가상자산 법안이 이달 안에 다시 논의될 가능성은 낮을 것으로 보고 있다. 가상자산 법안 논의를 위한 다음 법안소위는 빨라야 다음 달로 미뤄질 전망이다.",0.0,0.0,0.0,-0.8
마침내 블록체인 육성 정책으로 전환한 프랑스,"[김철환의 블록체인 킹덤③] 정부 역할은 규제 최소화와 건전 생태계 육성에 방점(지디넷코리아=김철환  IT칼럼니스트)블록체인이 현대인의 삶과 경제모델을 어떻게 변화시키고 바꿀 수 있는가. 지디넷코리아는 블록체인 전문가로 왕성하게 활동하고 있는 김철환 한양대 글로벌기업가센터 겸임교수와 함께 8회에 걸쳐 블록체인이 몰고 온 생활의 변화와 정책, 시장, 기업에 관한 현황과 제언을 담은 '블록체인 킹덤' 시리즈를 게재한다. 블록체인에 관심 있는 독자들의 일독을 기대한다.제1회 : 블록체인이 만들어내는 권력화의 이동과 국가 전략제2회 : 스위스에서 몰타까지…블록체인의 성지들제3회 : 마침내 블록체인 육성 정책으로 전환한 프랑스제4회 : 노원화폐에서 불어오는 블록체인 지역화폐제5회 : 스팀잇과 포레스팅에서 보는 혁신의 불꽃제6회 : 크립토키티에서 비트펫으로 이어진 게임의 진화제7회 : 블록체인 스캠과의 거리 두기제8회 : 대학가에 부는 블록체인 바람역시 앞서가는 세계 각국은 다른 것 같다. 이미 각국은 ICO(Initial Coin Offering)라고 하는 새로운 토큰 투자 모델을 통해 경제 혁명에 준하는 변화를 시도하고 있다. 블록체인이 부를 창출하고 시대에 사조에 맞는 일자리와 고용, 국가 간 미래 역학구도를 바꿀 것으로 전망되기 때문이다.앞서 언급한 스위스는 금융시장감독위원회인 FINMA에서 ICO에 대한 가이드라인을 만들어 등록제를 통해 허용하고 있다. 기본적으로 토큰에 대해 지불형 토큰과 유틸리티형 토큰, 그리고 자산형 토큰으로 구분해 최소의 요건을 정의하는 한편 투자자 신원확인(KYC)과 자금세탁 방지(AML)의 의무사항을 지키도록 했다. 나머지 투자 판단은 투자가의 몫으로 남겨 놓았다.미국 증권거래위원회(SEC)는 ICO 관련한 자금 모집과 관련해 등록제를 채택하고 있다. 투자 자금의 성격과 자금 모집 회사에 대한 최소한의 요건을 등록하도록 의무화한 것이다. 등록되지 않은 ICO는 철저하게 규제하겠다는 입장이다. 연초 텔레그램의 경우 기타 증권의 범주로 ICO 자금모집이 허가된 사례다.일본은 좀더 규제가 엄격하고 까다롭다. ICO에 대한 자금 모집에 대해 별로의 자격을 취득하도록 정하고 있다. 암호화폐 교환업으로 등록을 취득한 경우나 등록된 암호화폐 거래소에 위탁해 자금을 모집한 경우가 아니라면 형사 처벌할 수 있도록 규정했다. 암호화폐 교환업에 대한 자격과 보안 준수 사항이 엄격해 현실적으로 일본에서 진행되고 있는 상당수의 ICO 프로젝트는 투자 모집이 아닌 프로젝트 소개나 기술 소개 형태로 진행되는 것을 볼 수 있다.(사진=이미지투데이)이에 비해 올해 몰타와 프랑스에서 진행되고 있는 블록체인과 암호화폐에 대한 법적 프레임 장치에는 국가의 경제 성장을 위한 전략들이 녹아들어가서 여러 가지 놀라운 변화가 감지되고 있다.특히 프랑스는 G7 국가이면서 미국, 영국, 독일, 이탈리아, 일본, 캐나다 등과 어깨를 겨루는 세계적인 경제 강국이다. EU의 중심 국가이기도 하다. 그동안 스위스나 에스토니아, 리투아니아, 싱가포르, 홍콩 등 블록체인 성지를 자처한 국가들이 경제 대국에서 벗어나 있는 주변국 아니냐는 일각의 편협한 주장을 무참하게 깨뜨린 중요한 사례다.프랑스는 200여년 전 근대 세계 민주주의를 촉발시킨 프랑스 혁명이 일어났던 역사적인 성지다. 2017년 5월 당선된 마크롱 대통령은 일찍이 로스차일드에서 임원으로 일했던 경제 전문가이고 경제산업장관을 역임했던 혁신의 아이콘이다.프랑스는 지난해까지만 해도 비트코인 등 암호화폐에 대해서는 튤립 버블에 버금가는 사기라는 부정적 시각이 존재했다. 당연히 규제의 목소리가 높았다. 그러나 불과 1년 사이 블록체인과 암호화폐에 대한 시각이 180도 달라졌다. 적극적인 옹호론으로 바뀌면서 '파리를 ICO의 수도로 만들자'는 ICO 육성론이 지배하게 됐다.이런 점에서 우리나라와 같이 일자리와 신경제 성장 모델을 찾는 국가의 성장 전략을 수립할 때, 벤치마킹이 되는 좋은 본보기임이 틀림없다.프랑스에서 1년여에 걸쳐 나타난 블록체인의 정책 변환에는 수많은 프랑스의 기업들과 국민들이 동참한 결과다. 그 중심에는 ‘마크롱’ 대통령과 ‘브루노’ 재무부 장관, 그리고 ‘장 피에르 란다우’ 암호화폐 규제 TF장이 있었다. 우리나라와는 정반대다.프랑스는 왜 그랬을까. 이들 프랑스 지도자들은 프랑스의 미래와 현재 프랑스가 처해 있는 여러 딜레마와 현실, 그리고 당장 해결해야할 높은 실업률과 일자리 문제에 대해 고민과 고민을 거듭한 결과였다. 필자는 프랑스의 블록체인과 암호화폐를 둘러싼 기술, 정책, 법률과 관련된 자료를 살펴보던 중,  이들 지도자가 세계적 경쟁력을 가지고 키워야 할 자국 산업과 추진 전략에 대해 많이 고민했던 흔적을 찾아볼 수 있었다.우리는 ‘4차 산업혁명의 핵심기술’이라고 일컫는 인공지능과 빅데이터, 클라우드, 사물인터넷, 블록체인 기술에 대해 그들은 ‘디지털 트랜스포메이션’이나 ‘디지털 경제’ 라고 표현하고 있고, 그중 가장 중점적으로 일자리와 경제를 해결할 수 있는 인공지능과 블록체인에 주목하고 있음을 알 수 있었다.인공지능과 블록체인이 새로운 경제 시스템의 대안이 된다고 해도 무턱대고 기술 개발을 정부가 주도하고 산업을 키운다고 큰 효과가 나오는 것은 아니다. 프랑스의 경우 실질적인 여건을 따져서 국가 전략을 도출한 것이 매우 돋보인다.이미 디지털 플랫폼에 대해서는 구글과 애플, 페이스북, 아마존, IBM을 대표로 한 미국 기업들과 바이두, 알리바바, 하웨이, 텐센트를 대표로 한 중국기업들이 세계적인 주도권을 장악하고 있는 것을 인정하고 어떻게 하면 프랑스에 일자리와 경제를 활성화 하는데 도움이 될까에 대해 고민한 것이다.요약하면 프랑스의 전략은 다음과 같이 정리할 수 있다.먼저 인공지능(AI)에 대해서는 이미 코어 개발에서 추격하기가 어렵고 프랑스 기술 회사들을 육성하는 것이 어렵다고 판단한 것 같다. 그래서 외국의 기술기업에 문호를 개방하고 그들 기업들에게 투자와 함께 인력 채용을 유도한 것이 돋보인다.프랑스는 과감한 국가 예산을 들여 국가의 공공 데이터를 개방하고 글로벌 기업들을 유치하되 프랑스인들에 대한 인력 교육과 채용을 책임질 수 있는 시스템을 만들도록 하는 것이 국가 전략이다. 그래서 구글과 페이스북, IBM과 마이크로소프트, 삼성전자로부터 프랑스에 대한 자금 투자와 인력 채용, 교육을 이끌도록 하겠다는 것이다.이들 글로벌 공룡들이 우리나라와 같은 여러 시장에 영업 직원 충원하는 일 이외에 대규모 개발 자금을 투입하거나 개발 인력을 채용한 것은 프랑스가 처음이다.두 번째의 이색적인 전략이 블록체인과 암호화폐다. 그들은 암호화폐의 부작용이나 버블에도 불구하고, 중소기업의 자금 확보, 특히 외국에서의 투자 자금 확보 가능성으로 ICO를 집중 조명하기 시작했다.프랑스는 여러 혁신 중소기업들의 육성과 이들을 통해 직원들에게 대한 보다 더 적절한 보상책을 통해 좋은 일자리도 확보하고 이전 보다 더 나은 혁신성을 통해 자국 경제를 활성화하고 해외 투자금을 더 많이 확보하는 수단으로 암호화페의 ICO 메커니즘을 주목한 것이다. 또한 그들은 공정한 기업으로 발전하기 위해 사회적 책임과 환경 개선, 생태계 구축에 더 많이 노력할 것을 기업들에게 요구하기 위한 사회적 합의를 이루어 내는 것도 잊지 않았다.이러한 결과물들은 ‘PACTE’ 라는 프랑스 경제 개혁 프로젝트를 통해 나타나고 있다. '비즈니스 성장과 경제개혁을 위한 실천계획 프로그램(The Action Plan for Business Growth and Transformation)'이라고 보면 될듯하다. 이 프로그램의 최종 목적은 더 혁신적이며, 더 공정한 기업에 더 많은 펀딩이 될 수 있도록 하는 데 있다.이는 시민 혁명으로 이루어 놓은 민주주의의 모델을 결국 시민들이 모여 만들어진 기업들에서 더 효과적이고 효율성이 높은 조직으로 공유되고, 이익에 대한 배분과 사회적 책임을 다하는 그런 기업들이 많이 나와 준다면, 그런 기업을 지원해주는 것이 국가의 의무와 책임을 다하는 것이라고 웅변하는 것이다.기존처럼 국가의 강력한 통제하에 국민과 기업위에 군림해 허가와 의무를 강제하고 국민의 권리를 제한하는 식의 과거 통치방식에서 벗어나 변화된 새로운 국가 모델을 분명하게 보여주고 있다.예컨대 '약자인 투자가들에게 거짓된 행위로 손해를 발생시키거나 시장을 교란하는 것이 아니라면, 국가가 자유롭게 비즈니스를 하는 기업들에게 어떠한 장애물이 되거나 과도한 규제를 해서는 안된다'거나 '규제 공백 상태에서는 제대로 기술을 개발하거나 투자나 거래를 활성화하지 못하게 되므로 이런 상태를 국가가 방치해서는 안된다'라는 교훈 말이다.똑같이 좋은 일자리와 경제 성장을 추구하고 있는 우리에게는 매우 귀감이 되는 사례라고 생각한다. '프랑스는 블록체인 혁명을 놓치지 않을 것'이라고 말하는 브루노 재무부 장관의 소신과 우리 정부 관계자들의 무소신을 비교해 주목할 필요가 있다.한가지 더 살펴보자. 지난해까지만 해도 암호화폐에 대한 부정적인 입장에 있었던 ‘장 피에르 란다우’ 암호화폐 규제 TF장은 다음과 같이 입장을 달리했다.란다우의 보고서를 기반으로 브로노 재무부 장관은 가치를 창출하려는 진지한 블록체인 프로젝트에 대해 정부가 최소한의 규정을 만들어야 한다고 말한다. 그는 투자하기를 원하는 투자가들이 참고할만한 기준을 제시하겠으며 정부가 관련된 법 내용을 명확히 제시해 금융 혁신을 유도하고 최소한의 위험에 대해 정부가 리스크를 식별하도록 ICO 라이센스를 통해 알려주겠다는 내용을 발표했다.실제로 이 같은 내용을 담은 법률안은 지난 9월 12일 프랑스 하원에서 최종 승인됐다. 이 같은 프랑스 정부의 블록체인과 암호화폐 육성 전략은 미국의 규제정책과는 상당히 대조적이다. 즉 등록하지 않은 ICO에 대해 미국과 프랑스의 규제책이 다르다. 프랑스는 등록하지 않은 ICO에 대해서도 그것이 투자가들에게 특별히 손실을 끼치지 않는 한 허용해준다는 것이다.다만 정부가 보다 안전한 투자를 위해 ICO 등록을 통해 심사하게 되면 투자자들을 위한 최소의 평가가 이루어진다. 이렇게 해서 스캠을 줄이고 건전한 생태계를 조성하는데 프랑스 정부가 기여한다는 의미다.그러나 미국의 경우는 최소의 등록을 의무화해서 미국 SEC에 등록되지 않은 ICO 투자 프로젝트에 대해 단호하게 처벌하며, 그 투자건에 대해 투자 적합성에 대한 판단은 투자가들의 책임이며 투자가와 토큰 발행회사 사이에 당사자간 계약에 의해 이루어짐을 명확하게 하고 있다.프랑스는 이처럼 암호화폐에 대한 긍정성을 최대화하면서 그 부작용이 되는 사기로 인한 투자가들의 손실에 대해 최소한도의 검증을 정부가 나서서 도와주겠다는 것으로 해석할 수 있다. 외국의 투자가들을 위한 유인책을 통해 블록체인 강국으로서의 입지를 다지겠다는 것이다.이를 계기로 검색 플랫폼 하나 제대로 나오지 않고 있던 유럽 ICT 시장이 암호화폐와 블록체인의 새로운 대안으로 떠오르면서 21세기의 새로운 경제 패권이 미국과 중국 일변도에서 유럽으로 확산되면서 또 다시 출렁이고 있다.우리 주변에도 ICO가 허가된 스위스나 싱가포르나 일본 등지의 국가를 통해 자금 모집에 성공한 한국 기업들이 백개 이상으로 상당히 많다. 작게는 수십억원대에서 수백억원의 자금을 모았다. 그 중 일부는 아예 기업의 본사를 해외로 옮기거나 옮기려는 기업들도 있다. 이들 ICO 기업의 상당수는 여러 혁신적인 사업 모델이 있고, 그들에게 여러 일자리 창출의 기회가 있음은 물론이다. 양질의 컨설팅 사업들이 부수적으로 따라오고 있으며, 자금과 일자리의 통로가 되는 것 역시 확실하다.프랑스를 눈여겨볼 필요가 있다. 프랑스는 이런 실질적인 경제 환경에서 정부의 역할과 전략에 대해 고민하고 노력한 결과 새로운 경제 성장의 대열에 끼여 경제와 일자리 활성화의 길에 들어서고 있다. 21세기 민주주의의 성지를 자처하고 있고 높은 실업률을 해결하고 양질의 일자리를 창출하려는 우리 정부로서는 미국이 아닌 프랑스와 같은 전략적 포지셔닝이 매우 중요하고 또 필요한 시점이다.[김철환 한양대학교 글로벌기업가센터 겸임교수]김철환  IT칼럼니스트(hanbisdn@naver.com)  ▶ 네이버 채널에서 ‘지디넷코리아’를 구독해주세요 ",0.0,0.0,0.0,0.8
"""왜 비트코인?""…김진화 코빗 창업자가 본 시장은","코빗 유튜브서 현 가상자산 시장 의견 밝혀""비트코인 가치저장 매력…테슬라도 투자""""CBDC 영향? 영역이 달라…경쟁 안할 것""[서울=뉴시스] 유자비 기자 = 가상자산거래소 코빗의 공동 창업자인 김진화 전 대표가 최근 고공행진을 이어가는 비트코인에 대해 ""가치 저장 수단으로 경쟁력이 있다""고 밝혔다. 또 중앙은행 발행 디지털화폐(CBDC)의 등장이 비트코인에 미칠 영향과 관련해선 ""영역이 다르다""라며 ""경쟁하고 다툴 가능성은 없다""라고 전망했다. 3일 업계에 따르면 김 전 대표는 코빗 유튜브의 '코빗 랩(korbit LAB)' 코너에 나와 이같이 밝혔다. 지난 1~2일 공개된 영상에서 그는 2018년 방송된 JTBC 긴급토론 '가상통화, 신세계인가 신기루인가' 영상을 보며 현재 가상자산 시장에 대한 의견을 밝혔다. 당시 그는 한국블록체인협회의 준비위원회 대표 자격으로 토론에 참여했다.3년 전 투자 광풍 이후 급락했던 비트코인은 지난해부터 무섭게 치솟고 있다. 올해 들어선 1월 3000만원을 돌파하더니 테슬라의 투자 등 호재가 이어지며 지난달 7000만원도 넘어섰다. 전날 오후 6시 기준 코빗에서 비트코인은 개당 7350만원선에서 거래됐다.김 전 대표는 비트코인에 대해 가치저장 수단으로 기업들도 주목하고 있다고 판단했다. 그는 비트코인이 화폐의 3대 조건(가치의 척도, 가치의 저장, 교환의 매개)을 충족하는지에 대해 ""가치 척도의 역할을 하기는 어렵다고 3년 전에도 언급했었다""면서 ""한가지가 부족해도 화폐 비슷하게 발전할 수 있느냐가 미래예측, 기술 분석에 필요한 것""이라고 밝혔다. 그는 ""3년이 지나면서 입증됐지만 비트코인이 가치 저장으로 가장 경쟁력이 있지 않나. 테슬라도 잉여자금을 투자하기 시작했다""라고 강조했다. 그는 ""명목화폐도 화폐 기능을 동시에 잘하기 힘들다. 코로나로 심각해진 양적 완화로 'Cash is trash'라는 말도 나온다""라며 ""비트코인은 자생적인 화폐다. 성장하기를 기다리면서 지켜볼 필요가 있다""라고 말했다. 김 전 대표는 또 ""비트코인은 주인이 없다. 사람 영향을 가장 덜 받는 포지션을 차지했기 때문에 가장 인기가 많다""며 ""왜 비트코인이 기능도 떨어지는데 상장기업도 투자하고 금의 대체자산으로 위협하는지 답이 나온다""라고 분석했다.그는 ""다른 코인은 창업자들이 살아있고 개발자들이 살아있고 영향력이 남아있다""며 ""비트코인은 가장 분산화가 잘 돼있고 나카모토 사토시(비트코인 창시자·가명)가 누군지 모른다. 그래서 공정하고 믿을 수 있다고 사람들이 생각하는 것""이라고 덧붙였다.CBDC가 미칠 영향에 대해선 ""영역이 다르다""며 ""경쟁 가능성이 없다""고 전망했다. 그는 ""국가들이 중앙은행 디지털화폐를 발행하면 암호자산(암호화폐)이 망할 것이란 이야기가 있는데 다른 이야기""라며 ""기존 국가가 발행하는 화폐가 제 기능을 못하기 때문에 사람들이 자율적으로 선택하는 것""이라고 강조했다. 이어 ""중앙은행이 블록체인 방식으로 디지털화폐를 발행하든 안 하든 사람들을 만족시키지 못하는 부분이 있다""라며 ""이번에도 드러났지만 (화폐가치가 떨어지면) 헤징할 수단이 필요하고 이에 새 자산시장이 형성되고 있다""라고 설명했다.1976년생인 김 전 대표는 2013년 문을 연 국내 최초의 가상화폐거래소 '코빗' 공동창업자다. 또 창업지원 전문기관 타이드인스티튜트, 국내 암호화폐·블록체인 기업들이 참여하는 한국블록체인협회를 공동설립한 바 있다.☞공감언론 뉴시스 jabiu@newsis.com▶ 네이버에서 뉴시스 구독하기▶ K-Artprice, 유명 미술작품 가격 공개▶ 뉴시스 빅데이터 MSI 주가시세표 바로가기&lt;ⓒ 공감언론 뉴시스통신사. 무단전재-재배포 금지&gt;",0.0,0.0,0.8,0.8
AI에 진심인 한국투자증권,"  [파이낸셜뉴스] 한국투자증권이 인공지능(AI)에 진심이다. 지난 2020년 국내 첫 AI 기반 리서치 서비스인 ‘AIR’를 보인 후 ‘AIR 상장지수펀드(ETF)’까지 출시했다. 한국투자증권은 올해 신입사원 공채 직무 교육에도 AI· 데이터 실습 과정을 도입해 눈길을 끌었다. 디지털 자산인 토큰증권(STO)의 제도권 편입 등 금융시장이 빠르게 변화하는 상황에서 디지털 역량을 갖추고 있지 못하면 도태될 수 있다는 위기감이 '혁신' 시도의 자양분이 됐다.   24일 금융투자업계에 따르면 한국투자증권의 AIR ETF는 머신러닝 기법을 활용해 미국 증시에 상장된 ETF 124개 종목을 분석하고 보고서를 제공한다. 보고서는 ETF에 관한 설명은 물론 최근 수익률과 펀더멘털, 피어그룹 분석 등 알아보기 쉽게 시각화한 다양한 데이터를 담은 것이 특징이다. 텍스트 마이닝 기법과 키워드 분석 등 자체적인 분석 모델을 활용해 주요 이슈와 연관된 ETF를 자동으로 찾아 제시해준다.   한국투자증권은 지난 2020년 7월 국내주식을 대상으로 AIR 서비스를 처음 선보였다. AIR는 매일 쏟아지는 3만여건의 뉴스 콘텐츠를 계량 분석해 선별한 뉴스를 투자자에게 알아보기 쉬운 리포트 형식으로 제공한다. 같은 해 10월에는 미국 주식으로도 분석 범위를 넓혔고, 올해 2월에는 미국 상장지수펀드(ETF)까지 다루게 됐다.   AIR는 출시 후 올해 2월까지 국내주식 7613개, 미국주식 5626개 종목 코멘트를 내놨다. 중복을 제외한 국내기업만 따져도 1689개 종목이다. 전체 국내증시 상장기업의 72%를 다룬 셈이다.   특히 투자정보를 좀처럼 찾아보기 어려운 중소형 주식을 폭 넓게 다뤘다. AIR가 작년 한 해 동안 다룬 1173개 국내주식 가운데 85.1%는 시가총액 1조원 미만의 기업이다. 국내 증권사가 한 번도 리포트를 발간하지 않은 기업은 523개로, 발간 종목의 44.6%에 달한다. 대형주는 물론 정보 접근성이 떨어지는 중소형주까지 적시에 분석하며 투자자들의 정보 부재 해소에 기여했다는 평가다.   유종우 한국투자증권 리서치본부장은 ""AIR는 중소형주 발굴 측면은 물론 광범위한 글로벌 시장의 주제나 이슈 또한 빠르게 제시해 투자 아이디어를 제시하는데도 중요한 역할을 해왔다.”면서 “AI 기술을 활용해 리서치 역량을 높이기 위한 다양한 방안을 연구 중”이라고 말했다.     최근 한국투자증권은 가상인간을 활용한 리서치 보고서 콘텐츠도 국내 최초로 선보였다. ‘쇼미더 리포트’라 이름 붙인 이 서비스는 가상인간 ‘한지아’가 시의성 있는 리서치 보고서를 선별해 3~4분 길이의 영상으로 짧게 요약 설명해준다.   읽거나 듣는 보고서 형태를 벗어나 모바일 디바이스에 최적화된 숏폼 콘텐츠 방식을 도입했다. 투자자들에게 보다 쉽게 시장전망과 투자의견을 전달하려는 목적이다.   한지아는 한국투자증권과 AI 서비스 전문 기업 이스트소프트의 협업을 통해 탄생한 가상 캐릭터다. 외모는 올해 한국투자증권에 입사한 신입사원들의 얼굴을 학습해 구성했다. 한지아는 한국투자증권의 신입사원으로서 리서치 콘텐츠는 물론 회사 홍보와 상품설명, 사내교육 등 다양한 업무를 수행하고 있다.",0.0,0.0,0.0,0.8
"[단독]해시드, 테라·루나 폭락 전 1300억 매도…모럴헤저드 논란","테라·루나 폭락 전 1300억 어치 리워드 매도한 해시드해시드 측 ""리워드 판 것 문제 없어"" vs 업계 ""모럴헤저드""""문제는 리워드 덤핑 물량…비상식적인 양, 시장 교란""매도 와중에도 김서준 대표 ""테라, 성장통 겪는 중""[이데일리 김연지 기자] 테라·루나 폭락 사태에 대한 논란이 쉽게 사그라지지 않는 가운데 해당 프로젝트를 크게 지지했던 블록체인 전문 투자사 해시드가 사건이 터지기 5개월 전부터 약 1300억 원 어치의 루나를 매도해온 것으로 확인됐다. 해시드 측은 초기 투자시 획득한 기존 코인을 건드린 것이 아니라 테라 블록체인 네트워크(메인넷) 출시 이후 꾸준히 획득한 스테이킹 리워드(Staking Reward, 특정 가상자산을 일정 기간 예치하면 그 대가로 가상자산을 보상으로 얹어주는 형태)를 매도한 것이라 문제가 없다는 입장이지만, 관련 업계에서는 아무리 리워드로 획득한 코인이더라도 5개월 만에 1300억 원 어치를 매도하는 것은 시장 질서를 교란시킬 수 있는 행위라는 지적을 내놓는다.[이데일리 문승용 기자] 5개월 만에 1300억어치 매도…모럴헤저드 ↑20일 이데일리가 해시드의 테라 지갑 데이터를 역추적한 결과 해시드 측은 사태가 터지기 전인 지난 12월 말부터 약 8차례에 걸쳐 루나 코인(현 루나 클래식) 1260억 원(현 환율 기준) 어치를 바이낸스 계정으로 이체했다. 당시는 루나 시세가 약 80~100달러를 오갈 때로, 매 송금 시 최소 280만 달러(약 37억 원)에서 많게는 2000만 달러(약 261억 원)에 가깝게 송금 작업을 진행했다. 해당 바이낸스 계정은 테라·루나를 예치할 수 있는 바이낸스 입금 주소로, 지난 몇 달에 걸쳐 테라·루나 외에도 대규모의 다양한 코인이 입금된 바 있다. 온체인 데이터를 전문적으로 분석하는 국내 한 기술사 관계자는 “해시드 계정에서 해당 바이낸스 입금 주소로 여러 번 송금한 내역이 뜨는데다 송금 시 사용한 메모 값도 같다”고 설명했다.테라 거래 기록을 확인할 수 있는 ‘테라 파인더’에 따르면 지난 12월 말 해시드 측은 자체 지갑에서 11만 개의 루나를 바이낸스 입금 주소로 이체했다. 이어 지난 3월 24일과 31일에는 각각 20만 개와 8만7000개의 루나를, 4월에는 세 차례에 걸쳐 약 60만 개의 루나를 이체해 매도했다. 폭락 사태가 일어나기 직전까지도 매도 작업은 이어졌다. 지난 5월 3일과 6일 해시드 계정에서는 총 13만 개 이상의 루나가 바이낸스 주소로 이체됐다. 올초부터 5월 6일까지 해시드 계정에서 바이낸스 입금 주소로 송금된 루나(현 루나클래식)./사진=테라파인더 갈무리 매도 와중에도 “테라, 성장통 겪을 뿐”해시드 측은 이러한 매도 행각에 특별히 문제가 없다는 입장이다. 해시드 관계자는 “노드 운영 유지를 위한 비용 충당 및 재투자 차원에서 리워드를 주기적으로 매도하는 것은 노드 운영자(밸리데이터)들의 기본적인 운영 행태”라며 “10여 개의 테라 기반 프로젝트에 총 1000억 원 이상의 금액을 재투자하기도 했다”고 말했다.핵심은 재투자 여부와는 별개로 매도 물량이 지나치게 큰 데다 짧은 기간에 이뤄졌다는 게 업계 지적이다. 타 밸리데이터들의 루나 리워드 매도 내역과 견줘도 해시드의 주장에 어패가 있다는 설명이 뒤따른다. 예컨대 해시드와 같은 테라 밸리데이터인 DSRV가 테라 노드를 운영한 이후로 바이낸스로 이체한 물량은 지난해 10월과 11월, 12월 세 차례뿐이며, 수량도 2만6810개에 불과하다. 상대적으로 DSRV의 보팅 파워(3.9%)가 해시드(5.9%) 대비 낮긴 하지만, 이를 고려해도 해시드가 지나치게 많은 물량을 매도했다는 것이 업계 전언이다. 지난 2017년부터 글로벌 프로젝트를 운영해온 업계 한 관계자는 “아무리 리워드를 매도하더라도 시장에 영향을 주지 않을 정도로 조절하는 것은 크립토펀드사가 지켜야 할 기본적인 매너”라며 “매도 후 재투자를 하더라도 한 밸리데이터가 이렇게 많은 물량을 매도하는 것은 시장 질서를 교란하는 행위로, 규제할 필요가 있다”고 말했다.한편 김서준 해시드 대표는 테라·루나 프로젝트에 초기 투자를 집행하며 조력자 역할을 톡톡히 해왔다. 지난 2019년만 해도 김 대표는 미디움에 ‘루나의 적정 가격은 얼마일까’라는 제목을 글을 게재하며 티몬과 야놀자, CU, BC카드 등이 테라 생태계에 참여한다는 점을 피력했다. 특히 “최초의 투자 결정은 ‘대중화된 스테이블코인’ 이라는 비전에 대한 믿음으로 진행됐지만, 어느덧 객관적으로 가치 평가를 할 수 있는 다양한 지표와 증거들이 쌓이고 있다”며 테라·루나의 가치 상승을 전망하기도 했다. 사건이 터진 뒤에도 김 대표는 테라·루나를 옹호했다. 그는 테라의 스테이블코인(UST) 고정 가격이 무너진 것에 대해 “지금은 그간 없었던 성장통에 직면한 것”이라며 “유동성은 무너졌지만, 가격 연동 메커니즘 자체는 잘 보존됐고, 충분한 유동성이 공급되면 UST 가격은 1달러로 돌아올 것”이라고 밝혔다.",0.0,-0.8,0.5,0.5
"[블록人터뷰] ""韓, 암호화폐를 디지털자산으로 인정하면 글로벌 금융허브 가능...","블록체인 컴퍼니 빌더 체인파트너스 표철민 대표 '대정부 제언2' 낼 것  표철민 체인파트너스 대표 ""미국, 싱가포르처럼 증권형 토큰 기반으로 ICO와 거래소 제도화 해야"" “블록체인 기술로 신뢰를 확보한 ‘디지털 자산(Digital Asset)’을 제도권으로 편입하면, 글로벌 금융 허브로 퀀텀점프(대약진) 할 수 있다. 기존의 금융 중심지였던 미국, 스위스, 싱가포르는 이미 전통자산을 담보로 한 디지털 자산처럼 적정한 가치로 산정할 수 있는 ‘증권형 토큰(Security Token)’을 제도화하고 있다. 한국도 이 거대한 변화의 길에 들어서 새로운 기회를 포착해야 한다.”          블록체인 컴퍼니 빌더 체인파트너스 표철민 대표가 1일 파이낸셜뉴스 블록포스트와 인터뷰하고 있다. / 사진=박범준 기자    표철민 체인파트너스 대표( 사진)가 ‘증권형 토큰’ 제도화를 공식 제안했다. 지난해 9월 정부가 ‘모든 형태의 암호화폐공개(ICO) 전면금지’를 엄포한 후, 국회와 관련 업계는 투자자 보호를 전제로 한 ICO 허용과 암호화폐 거래소 제도권 편입을 일관되게 주장해왔다. 하지만 ‘어떻게(HOW)’라는 구체적 대안이나 방안 제시는 미미했던 까닭에 표 대표가 최근 내놓은 ‘디지털 자산발(發) 대한민국 혁신성장을 위한 대정부 제언 (1)’이 관련 업계는 물론 국회와 정부에서 주목을 받고 있다.   ■가치 산정할 수 있는 증권형 토큰으로 시장 건전화 표 대표는 지난 1일 서울 테헤란로 체인파트너스 본사에서 파이낸셜뉴스 블록포스트와 인터뷰를 통해 ‘대정부 제언 (2)’에 담길 예정인 ‘증권형 토큰-ICO-거래소 제도화 방안’을 제시했다.  그는 “증권형 토큰은 정부가 정책 목표로 제시한 ‘비상장주식 거래 활성화’를 위한 토큰으로 풀어 정의할 수 있다”며 “이와 같은 증권형 토큰 발행을 통한 자금조달(ICO)의 단계적 제도화와 디지털 자산 거래소 제도화가 함께 이뤄져야 시장이 건전하게 발전할 수 있다”고 말했다. 즉 지난해 말부터 광풍에 휩싸였던 ICO에서 활용된 유틸리티 토큰과 달리 부동산 같은 전통자산과 프로젝트 파이낸싱형 디지털 자산을 통칭하는 증권형 토큰은 ‘가치 산정(밸류에이션)’을 할 수 있다는 게 강점이다.  표 대표는 “오로지 수급에 의해 가격이 정해지는 유틸리티 토큰만 있는 시장은 건전한 발전을 기대할 수 없다”며 “적정가치를 매길 수 있는 증권형 토큰을 기반으로 한 ICO 및 거래소만이 투자자에게 이 가격이 옳은지를 가이드해 줄 수 있다”고 설명했다. 그는 이어 “결국 시장이 커지고 건전해지려면 기관이 참여해야 하는데 가치 산정이 가능해야 기관투자자들도 참여할 수 있다”고 덧붙였다.   ■미국식 적격투자자제도 응용해 ICO 단계적 제도화 표 대표는 ICO 단계적 제도화와 관련, ‘미국식 적격투자자제도 응용’과 ‘한국형 파생상품투자제도 응용’을 제시했다. 앞서 미국 증권거래위원회(SEC)가 ICO를 자본시장법으로 규제하겠다고 밝히자, 현지 로펌들은 ‘적격투자자(자산규모 100만불 이상, 연 소득 20만불 이상)로부터 받는 투자는 50인이 넘어도 공모로 보지 않는다’는 자본시장법 특례 조항을 활용해 ‘SAFT’란 우회방안을 만들었다. 즉 공인된 적격투자자만 모아 미국에서 진행된 ICO는 SEC에 등록하지 않아도 된다. 표 대표는 “자금력이 있는 사람만 ICO에 참여할 수 있기 때문에 빈익빈부익부라는 비판이 일 수 있지만 모두에게 열어줬을 때 어떤 부작용이 나타났는지 우리는 이미 경험했다”며 “선물옵션처럼 돈이 있든 없든 최소한의 공부라도 하고 투자할 수 있도록 해야 한다”고 지적했다. 그는 이어 “투자자 교육을 할 때, 다단계와 마켓메이커 등 시장 조작가능성이라는 부정적인 면도 모두 알려준 뒤 투자를 할 수 있도록 최소한의 보호 장치가 마련돼야 한다”고 덧붙였다.   ■거래소 등록제, 암호화폐도 제3자에게 맡겨야 안전 표 대표는 거래소 제도화와 관련해서는 고심 끝에 ‘등록제’라는 절충안으로 가닥을 잡았다고 전했다. 이때 암호화폐 거래소 대신 디지털 자산 거래소로 용어 정리를 요구했다. 세계 최초로 뉴욕주로부터 비트코인 취급 라이센스를 받아 운영 중인 북미 최대 거래소 코인베이스가 최근 암호화폐(가상화폐)를 디지털 자산으로 바꿔 표기하고 있는 것과 같은 맥락이다.  표 대표는 “디지털 자산 거래소는 규제 단계에 따라 인가제, 등록제, 자율규제 등으로 구분할 수 있다”며 “우리 정부는 인가제를 택할 가능성이 높지만 일본 사례에 비춰봤을 때 등록제가 보다 유연한 접근법”이라고 주장했다. 앞서 일본 정부가 거래소 19개를 인가해주자, 법인매각을 통해 라이센스를 사고파는 폐단이 나타났다는 것이다. 그는 “스위스처럼 관련 협회를 통해 자율규제를 하는 방안도 있지만 특정 이해집단에 따라 시장이 왜곡될 수 있다”며 “싱가포르가 지향하는 완전 자율도 아직은 위험요소가 있는 만큼 P2P(개인간) 대출업체에 대한 가이드라인 수준으로 거래소 등록제를 시행하는 게 최선의 절충안”이라고 설명했다.  이때 거래소 등록요건의 핵심 중 하나는 ‘지갑’이다. 즉 자체개발한 암호화폐 지갑을 보유하고 있거나 제3자에게 수탁하는 것을 의무화해야 한다는 게 표 대표의 주장이다. 그는 “거래소에 맡겨진 돈(원화)은 은행이 실명제를 바탕으로 3자 수탁을 하고 있지만 코인(암호화폐)이 털리는 것은 막을 방안이 없다”며 “국내에 100개가 넘는 거래소 중에서 자체 지갑 솔루션을 갖고 있는 곳은 최근에 외산 지갑을 자체 지갑으로 바꾼 업비트 정도에 불과하다”고 지적했다. 즉 암호화폐 거래소가 자체개발한 지갑이나 ‘비트고(Bitgo)’ 같은 유력 지갑이라도 갖고 있어야 투자자를 보호할 수 있다는 것이다.              ■‘블록체인 에코시스템 빌더’로서 정부와 적극 소통 표 대표는 지난 1년 여간 자체 리서치센터(글로벌 암호화폐 시장 분석)와 토크노미아(토큰경제 설계), 이오시스(EOS 기반 프로젝트 엑셀러레이팅) 등을 이끌어오면서 국내 블록체인 생태계(에코시스템)에 꼭 필요한 포트폴리오를 구성해왔다. 그는 “블록체인 컴퍼니 빌더를 넘어 블록체인 에코시스템 빌더로서 업계 기둥이 되고 싶다”며 “앞으로는 정부와도 정책 교감을 하면서 긍정적인 측면은 도입을 검토할 수 있도록 소통 창구 역할을 하겠다”고 강조했다. 이어 “최근 행정부와 입법부에서 블록체인 생태계를 바라보는 시각도 달라지고 있는 것 같다”며 “전 세계 암호화폐(디지털 자산) 거래량의 3분의 1을 차지했던 한국이 글로벌 금융 허브가 될 수 있는 절호의 기회가 바로 지금”이라고 덧붙였다. elikim@fnnews.com 김미희 기자   ▶ [이벤트] 파이낸셜뉴스 구독하고 푸짐한 선물 받으세요▶ 세상의 모든 골 때리는 이야기 'fn파스'  ※ 저작권자 ⓒ 파이낸셜뉴스. 무단 전재-재배포 금지",0.0,0.0,0.5,0.8
"비트코인 '반짝 반등' 했지만…""단기적으로 급락 가능성"" [코인 스캐너]","비트코인이 하루 새 2% 넘게 상승하며 모처럼 반등했다. 초저금리를 고수해온 일본 중앙은행이 사실상 장기 금리 인상에 나서면서 달러 힘이 빠졌기 때문이다.다만 일본 중앙은행마저 돌아서면서 글로벌 긴축 주기가 장기화할 수 있다는 우려가 커진데다, 경기 침체의 먹구름이 짙어지면서 암호화폐 시장도 상승세를 이어가지 못하고 다시 주춤하는 모양새다. FTX 파산에 따른 시장 혼란도 여전하다. 최근 24시간 비트코인 가격 추이. 코인마켓캡 21일 암호화폐 시황 사이트 코인마켓캡에 따르면 이날 오전 10시20분 기준 비트코인은 24시간 전보다 2.4% 오른 1만6878달러에 거래됐다. 비트코인 가격은 이날 새벽 한때 약 5일 만에 처음으로 1만7000달러를 넘어서기도 했다.  이더리움도 24시간 전보다 3.2% 오른 1212달러에 거래되고 있다. 도지코인(DOGE) 폴리곤(MATIC) 카르다노(ADA) 등 주요 알트코인도 일제히 2% 안팎씩 상승했다.  코인 시장은 20일(현지시간) 소폭 상승 마감한 뉴욕 증시와 함께 반짝 반등했다. 매파적이었던 미국 중앙은행(Fed)의 연방공개시장위원회(FOMC) 이후 5거래일 만이다. 전날 일본 중앙은행은 기습적으로 수익률 곡선 통제(YCC) 정책을 조정하며 사실상 장기 금리를 인상했다. 글로벌 긴축 파도 속에서도 완화 정책을 이어온 일본 중앙은행의 움직임에 글로벌 금융시장은 한때 요동쳤지만, 영향은 오래 가지 않았다. 일본 중앙은행이 당장 완전한 긴축 기조로 돌아선 건 아니라는 주장이 힘을 얻었기 때문이다. 결국 다우 지수는 0.28%, S&amp;P 지수는 0.1% 올랐고 기술주 중심의 나스닥은 0.01% 강보합세로 장을 마쳤다.  코인텔레그래프는 ""일본 중앙은행이 깜짝 정책 조정에 나서면서 미국 달러 가격이 떨어졌고, 이는 비트코인에 호재가 됐다""고 분석했다.  다만 전문가들 사이에선 이번 반짝 상승세가 오래 이어지지 못할 것이란 의견이 많다. 투자 전문지 배런스는 ""비트코인 가격이 최근 상승세를 다지는 데 실패하면서 단기적으로 큰 폭의 하락세를 보일 수 있다""고 했다.  투자자문사 페어리드의 케이티 스톡턴은 ""비트코인이 1만8000달러 이상의 가격대를 유지하지 못하는 것은 나쁜 징조""라며 ""앞으로 몇 주 안에 11월 저점인 1만5600달러를 다시 테스트할 것""이라고 예상했다. 이어 ""장기 모멘텀이 미약한 상황에서 2019년 저점인 1만3900달러까지 위태로울 수 있다""고 했다.  FTX 파산 여파도 이어지고 있다. 외신에 따르면 암호화폐 거래 플랫폼이자 마켓메이킹 회사인 오로스 글로벌은 최근 영국령 버진아일랜드 법원으로부터 파산 보호 잠정 허가를 받았다. 오로스는 지난 11월 FTX가 파산을 신청하면서 FTX에 예치해뒀던 2000만 달러 규모의 자산이 묶인 사태다.  세계 최대 암호화폐거래소 바이낸스의 재무 건전성을 둘러싼 시장의 불안도 좀처럼 잦아들지 않고 있다. 바이낸스는 투자자 보호를 위한 준비금이 충분히 마련돼 있다며 감사 보고서까지 공개했지만 이를 두고 오히려 갑론을박이 벌어지면서 한때 전체 자산의 6%가 빠져나가는 대규모 인출 사태까지 벌어졌다. ",0.0,0.2,0.5,-0.5
"한일진공, 가상화폐 거래소 '클로즈드' 베타 테스트 선봬","시가총액 50위권 화폐만 상장  한일진공은 10일 케이피엠테크, 디지탈옵틱과 함께 투자한 KCX(Korea Crypto currency Exchange)가 이날부터 베타 테스트를 진행한다고 밝혔다.  베타 테스트는 가상 화폐를 지급해 수행하는 모의 거래로 1차적으로 1월 10일부터 30일 까지 외부 관계자들을 대상으로 클로즈 베타 테스트(CBT)를 진행한다.  KCX 관계자는 “오프라인 거래소 오픈과 안정적인 서비스 품질 향상 및 추가적인 정부 규제 대비 등을 감안해 정식 오픈 일정을 연기하고 그랜드 오픈을 준비하겠다”며 “거래 화폐로 비트코인, 이더리움, 리플, 라이트코인으로 시작해 시가총액 50위권내 화폐들로 취급 화폐 종류를 점차 늘려 상장시키고 거래 수수료를 합리화 하겠다”고 밝혔다.  김상욱 신임 대표는 “최근 정부의 암호화폐 규제가 점차 강화되는 상황에서 향후 1~2개월 내 발생 예상되는 규제를 모두 시스템에 반영하고, 오프라인 센터 오픈도 추진해 보다 건전하고 신뢰도 높은 거래소를 선보이겠다”고 말했다.  KCX는 이번 베타 테스트를 통해 거래소 오픈 전에 모든 거래 서비스에 대해 외부 관계자 및 일반 회원들로부터 피드백은 물론 최근 논의되고 있는 정부의 규제 방안을 적극 반영함으로써 거래소 오픈에 만전을 기할 계획이다.  KCX 관계자는 “최근 암호화폐 거래의 안전성과 투명성을 확보하기 위한 정부의 규제 방안과 정책 변화에 적극적으로 호응할 계획이다”며 “이를 위해 KCX가 계획하고 있는 2차에 걸친 보안 및 암호화폐 거래를 포함한 서비스 전반을 테스트하고 재점검할 예정이다”고 밝혔다.  그는 이어 “고객이 더욱 안전하고 투명한 환경에서 암호화폐를 거래할 수 있는 거래소가 될 것”이라고 밝혔다.   kjw@fnnews.com 강재웅 기자   ▶ 세상의 모든 골 때리는 이야기 'fn파스'▶ 속보이는 연예뉴스 fn스타  ※ 저작권자 ⓒ  파이낸셜뉴스. 무단 전재-재배포 금지",0.0,0.0,0.0,0.8
