UTC-date,UTC-time,title,content,press,link,score,score3,score4,score2
2022-02-08,2022-02-08 22:22:01,해킹한 비트코인 세탁한 부부…美 사상 최대 4조3000억원 압류,"FILE PHOTO: A representation of the virtual cryptocurrency Bitcoin is seen in this picture illustration taken October 19, 2021. REUTERS/Edgar Su/File Photo[헤럴드경제=한지숙 기자] 미국 법무부는 8일(현지시간) 수조 원대에 달하는 도난 비트코인의 돈세탁을 공모한 혐의로 미국인 2명을 기소했다.AP통신 등에 따르면 법무부는 이날 뉴욕 맨해튼에 거주하는 일리야 리히텐슈타인(34세)과 그의 아내 헤더 모건(21세)을 11만9754개의 비트코인에 대한 돈세탁 공모 혐의 등으로 기소했다.법무부는 이들로부터 36억 달러(4조3000억 원)에 달하는 비트코인을 압류했다고 밝혔다.리자 모나코 법무차관은 성명에서 지금까지 법무부가 행한 금융 압류 중 최대 규모라면서 ""가상자산이 범죄자들의 안전한 피난처가 아님을 보여준다""고 말했다.이들 부부가 세탁하려 한 가상자산은 지난 2016년 홍콩 가상자산 거래소인 비트피넥스에서 해킹으로 도난당한 비트코인이다.당시 피해액은 7100만 달러(850억 원)로 역대 최대 규모였다. 하지만 이후 비트코인 가격이 오르면서 현재는 45억 달러(5조4000억 원)에 달한다는 것이 법무부의 설명이다.법무부는 이들 부부가 도난당한 비트코인을 디지털 지갑으로 넘겨받은 뒤 가짜 신분으로 온라인 계정을 만들어 온라인 암시장인 '다크넷'을 이용해 자금을 인출하는 등 정교한 세탁 수법을 사용했다고 밝혔다.또 수백만 달러를 비트코인 자동 입출금기(ATM)를 통해 인출해 금과 대체불가토큰(NFT), 월마트 기프트카드 등을 구입하는 데 사용한 것으로 전해졌다.다만 이 부부는 비트피넥스를 해킹한 혐의로는 기소되지 않았다.이들 부부는 돈세탁 혐의로 최대 20년, 미국 정부를 속인 혐의로 최대 5년의 징역형을 선고 받을 수 있다고 법무부는 밝혔다.비트피넥스는 성명을 내고 도난당한 비트코인 회수라는 권리 행사를 위해 법무부와 협력하고 있다고 밝혔다.",헤럴드경제,https://n.news.naver.com/mnews/article/016/0001947990?sid=104,0.0,0.8,-1.0,0.0
2021-11-22,2021-11-22 07:48:04,23년만에 정부 품 떠나는 우리금융…유진PE·두나무 새주주(종합),"우리금융우리금융지주가 23년 만에 사실상 '완전 민영화'된다. 최대주주인 예금보험공사(이하 예보)가 보유한 우리금융 지분 9.3%를 민간에 매각키로 하면서다. 유진 PE(프라이빗에쿼티)와 KTB자산운용, 얼라인파트너스컨소시엄, 두나무 등 4개사가 우리금융 새주주가 되며, 이중 지분 4%를 인수하는 유진 PE는 사외이사 추천권을 통해 우리금융 경영에도 참여한다.━유진PE, KTB자산운용, 두나무 등 새주주…낙찰가 1만3000원 초중반, 원금회수주가 '훌쩍'━금융위원회 산하 공적자금관리위원회(공자위)는 22일 회의를 열고 예보가 보유한 우리금융 지분 9.3%를 5곳에 매각하는 안을 의결했다.우선 유진PE가 우리금융 지분 4%를 낙찰받아 사외이사 추천권을 얻게 됐다. 또 KTB자산운용이 2.3%, 얼라인파트너스컨소시엄이 1%, 두나무가 1%, 우리금융 우리사주조합이 1%의 지분을 각각 낙찰 받았다.다음달 9일까지 매각 절차가 완료되면 우리금융은 1998년 구(舊) 한일·상업은행에 공적자금이 투입된 지 23년만에 사실상 완전 민영화에 성공한다. 최대주주 지위를 상실하는 예보 대신 우리사주조합이 최대주주 지위를 획득하고, 국민연금이 2대주주가 된다. 지분이 15.1%에서 5.8%로 줄어드는 예보는 빠른 시일 내 남은 지분도 민간에 매각할 방침이다.공자위는 모든 낙찰자들의 입찰가가 1만3000원을 초과했다고 공개했다. 이른바 원금회수주가인 1만2056원을 훌쩍 넘긴 1만3000원 초중반대에 낙찰가가 형성된 것으로 전해졌다. 이번 매각을 통해 약 8977억원이 회수될 것으로 예상되며, 매각 완료 시 우리금융에 투입된 12조8000억원의 공적자금 중 12조3000억원(회수율 96.6%)이 회수된다. 예보가 나머지 지분 5.8%를 주당 1만193원 이상으로만 팔면 우리금융에 투입된 공적자금 전액을 회수할 수 있게 되는 셈이다.무엇보다 정부 품을 떠나게 되는 우리금융이 '정부 소유 금융지주회사'라는 디스카운트(가격 할인) 요인이 사라지면서 예보가 보유한 잔여지분 매각에 대한 추가이익 가능성도 높아졌다는 평가다.━예보 비상임이사 선임권 상실…명실 상부 '과점주주 중심 지배구조' 구축━아울러 우리금융은 과점주주 중심의 지배구조를 공고히 한다. 대주주이지만 사외이사 추천 권한은 없는 우리사주조합과 국민연금을 대신해 IMM PE(5.57%), 한국투자증권(3.77%), 키움증권(3.73%), 한화생명(3.16%), 푸본생명(3.97%) 등 기존 과점주주에 더해 이번에 4% 지분을 새로 취득하는 유진 PE까지 6곳의 과점주주가 각각 한명씩의 사외이사를 추천하게 된다. 예보는 현 김홍태 비상임이사 임기 만료 예정인 내년 3월 이후 우리금융 비상임이사 선임권을 상실한다.업계에선 유진PE와 KTB자산운용 등이 우리금융의 사업적 안정성과 배당 등에 매력을 느껴 투자에 참여한 것으로 분석한다. 앞서 KTB투자증권에 매각한 유진저축은행 경영 경험이 있는 유진그룹은 계열 PEF 운용사인 유진PF를 통해 우리은행과의 연계사업도 염두에 두고 투자에 나섰다는 해석이 지배적이다. KTB자산운용은 예전부터 우리금융을 눈여겨봐 온 회사다. 2016년 예보가 보유한 우리금융 지분을 매각할 때도 입찰에 참여했지만 당시 경쟁에선 밀렸다.가상자산(암호화폐) 거래소 업비트를 운영하는 두나무는 이번 인수전에서 가장 높은 입찰가를 써낸 것으로 알려졌다. 지분 인수에 강한 의지를 드러내 왔다. 우리금융 지분 일부를 확보하면서 향후 업비트 사업에도 도움이 될 것이란 전망이다. 벌써부터 케이뱅크가 아닌 우리은행이 업비트 실명계좌를 발급해 줄 가능성도 제기된다.한편 공자위는 낙찰자의 낙찰포기 가능성에 대비한 예비 낙찰자도 선정했다. 다만 차순위 낙찰예정자 명단은 공개하지 않았다. 지난 18일 마감된 본입찰에는 낙찰자들 외에 하림그룹, 한국투자금융지주, 호반건설, ST인터내셔널(옛 삼탄) 등이 참여한 상태다.공자위 관계자는 ""입찰자 평가 순위에 따라 차순위 낙찰 예정자가 결정됐다""며 ""낙찰 포기 물량 발생시 차순위 낙찰 예정자 순서대로 매각 물량을 재배정 할 수 있다""고 밝혔다.",5면 1단,https://n.news.naver.com/mnews/article/008/0004673718?sid=101,0.0,0.8,0.8,0.0
2019-03-05,2019-03-05 02:44:00,"파라과이 ‘골든구스 프로젝트’ 홈페이지 오픈, 프리세일 진행","(사진=골든구스)[이데일리 장구슬 기자] 골든구스 프로젝트(Golden Goose)를 진행 중인 커먼즈 재단이 오는 10일 골든구스 홈페이지를 통해 골드토큰 프리세일(Pre-Sale)을 시작한다고 밝혔다.골든구스 프로젝트는 파라과이의 지원과 협력을 통해 파라과이에 세계 최대 규모의 암호화폐 채굴센터와 글로벌 암호화폐 거래소 설립을 위한 프로젝트로 지난해 11월 파라과이 조인트벤처와 관련 계약을 체결했다. 이 계약은 세계 최대의 청정에너지를 생산하는 이타이푸 수력발전소 부근에 500MW급 변전소를 포함한 채굴센터 부지 총 25만㎡ 규모의 부지, 저렴하고 안정적인 전력요금, 인터넷 전용망, 인프라 확보 등이 포함돼 있다. 지난 2월28일엔 골든구스 프로젝트의 홈페이지가 한국어, 영어, 스페인어 3개 언어로 오픈했으며 3월 내 일본어와 중국어도 지원할 예정이다. 골든구스 토큰 프리세일은 홈페이지를 통해 참여가 가능하다.이번 프리세일을 포함한 모든 프로젝트의 참여는 비트코인(BTC), 이더리움(ETH), 마이크로비트코인(MBC)으로 기부하고 골든구스 토큰(GOLD)을 기부자가 참여율에 따라 받는 방식으로 진행된다.골든구스 팀은 비트퓨리의 BBAC 장비 4대 주문을 시작으로 임시채굴센터 건립 및 가동을 본격적으로 시작할 예정이며, 프리세일 참여자들은 빠르면 2019년 2~3분기부터 기부보상을 받을 수 있을 것이라고 밝혔다. 프로젝트를 이끌고 있는 커먼즈 재단의 최용관 이사장은 “골든구스 프로젝트는 남미에 초대형 블록체인 생태계를 조성하는 첫 사례로 파라과이, 비트퓨리, 골든구스 팀, 나아가 이해관계자 모두의 성장과 성공으로 이어질 것이며 최고의 파트너들과 함께 전 세계 블록체인 생태계 환경을 새롭게 조성할 것”이라고 전했다.장구슬 (guseul@edaily.co.kr)네이버 홈에서 ‘이데일리’ 기사 보려면 [구독하기▶]꿀잼가득 [영상보기▶] , 빡침해소!청춘뉘우스~ [스냅타임▶]＜ⓒ종합 경제정보 미디어 이데일리 - 무단전재 &amp; 재배포 금지＞",이데일리,https://n.news.naver.com/mnews/article/018/0004323901?sid=102,0.0,0.8,0.8,0.0
2018-06-23,2018-06-23 01:38:05,“블록체인으로 숙박공유 등 공유경제 신뢰성 확보”,"UCL 블록체인 테크놀로지센터 상임위원 특별강연 블록체인 기술을 활용해 차량·숙박공유 등 공유경제 서비스 참여자 간 신뢰성을 높일 수 있다는 제언이 나왔다.  얍컴퍼니는 지난 22일 서울 종로구 본사에서 ‘새로운 경제 패러다임 안에서 블록체인의 역할’이라는 주제로 특별강연을 진행했다고 23일 밝혔다.         파올로 타스카(Paolo Tasca) UCL 블록체인 테크놀로지센터 상임위원이 22일 서울 종로구 얍컴퍼니 라운지에서 열린 '블록체인 이코노미' 특강에서 강연을 진행하고 있다. /사진=얍컴퍼니    이날 기조연설을 맡은 영국 유니버시티 칼리지 런던(UCL) 블록체인 테크놀로지센터의 파올로 타스카 상임위원은 블록체인이 기술로써 가지고 있는 이중성에 대해 강조했다. 또한 정보통신기술(ICT) 차원의 블록체인과 기관 기술로서의 블록체인을 구분해 설명했다.  특히 새로운 경제 패러다임인 공유경제와 관련, 블록체인 기술이 신뢰성을 확보할 수 있다는 점을 강조했다. 파올로 타스카 상임위원은 “공유경제에서 가장 중요한 것은 사람들 간의 신뢰관계”라며 “이를 가장 잘 실현시킬 수 있는 것이 블록체인”이라고 말했다.  또한 그는 한국의 블록체인 및 암호화폐 규제 환경에 대해서 민관협력의 중요성을 시사했다. 타스카 상임위원은 “중국이 규제로 나가고 있는 지금 블록체인과 관련해 한국은 기회의 땅”이라며 “중국과 연계해서 동남아시아와 글로벌로 성장할 수 있는 기회이기도 하다”고 말했다.  이번 행사를 주도한 얍컴퍼니 박성재 전략부문 대표는 “플랫폼이 사라지는 블록체인 시대에 기술을 선도하기 위해 관련 회사들과 오랜 시간 협력하고 있다”며 “심도 있는 자문을 구하기 위해 세계적인 석학을 초청했다”고 행사 의의를 전했다.  파올로 타스카 박사는 스위스 취리히연방공과대(ETH)에서 경제학 박사 학위를 취득하고, 유럽연합(EU), UN 블록체인 자문위원, 영국 UCL 블록체인 테크놀로지센터 설립자 겸 상임위원으로 활동하고 있다. elikim@fnnews.com 김미희 기자   ▶ 세상의 모든 골 때리는 이야기 'fn파스'▶ 속보이는 연예뉴스 fn스타  ※ 저작권자 ⓒ 파이낸셜뉴스. 무단 전재-재배포 금지",파이낸셜뉴스,https://n.news.naver.com/mnews/article/014/0004044925?sid=004,0.0,0.8,0.8,0.0
2020-07-07,2020-07-07 12:15:02,"코빗, 채용 추천하면 '1 비트코인' 준다","사진=코빗국내 가상자산(암호화폐) 거래소 코빗이 채용 추천 이벤트를 진행한다고 7일 밝혔다. 코빗은 이번 신규 채용 과정에서 iOS 시니어 개발자 및 플랫폼 개발자를 대상으로 채용 추천을 받을 방침이다. 만약 추천한 인재의 입사가 확정된 경우 추천인에게 1 비트코인(약 1100만원)을 포상금으로 제공한다.해당 이벤트는 이번달 31일까지 진행하며 코빗 채용 공고가 게시된 채용 사이트를 통해 누구나 후보자를 추천할 수 있다. 오세진 코빗 대표는 “코빗이 2020년 한 해 동안 제도권 진입으로 가는 선제적 시스템을 구축하고 더욱 개선된 서비스 플랫폼을 제공해 나갈 수 있도록 준비해 나갈 계획"" 이라며 “앞으로도 고객이 안심하고 거래할 수 있는 환경을 조성해 나가기 위해 공격적인 채용을 이어 나갈 것”이라고 말했다.코빗은 직군에 따라 면접과 코딩 테스트 등 전형 과정을 거쳐 합격자를 선발할 예정이다. 보다 자세한 사항은 코빗 채용 페이지를 통해 확인할 수 있다.김산하 한경닷컴 기자 sanha@hankyung.com기사제보 및 보도자료 open@hankyung.com▶ 네이버에서 한국경제 뉴스를 받아보세요▶ 한경닷컴 바로가기  ▶ 모바일한경 구독신청 ⓒ 한국경제 &amp; hankyung.com, 무단전재 및 재배포 금지",한국경제,https://n.news.naver.com/mnews/article/015/0004375747?sid=105,1.0,0.8,0.0,0.0
2020-04-12,2020-04-12 05:13:06,"넥슨 김정주, 캐나다 명품 패딩 업체에 642억 투자","무스패션 지분 23.9% 취득김정주 NXC 대표. 넥슨 제공[이데일리 노재웅 기자] 넥슨 창업주 김정주 엔엑스씨(NXC) 대표가 지난해 캐나다 명품 브랜드 ‘무스너클’에 642억원을 투자한 것으로 나타났다.12일 업계에 따르면 엔엑스씨는 지난해 6월 벨기에에 본사를 둔 투자 전문 자회사 NXMH를 통해 캐나다 의류 업체인 무스패션에 642억원을 투자, 지분 23.9%를 취득했다.무스패션은 무스너클로 유명한 업체다. 노비스, 캐나다구스 등과 함께 캐나다 3대 명품 패딩 브랜드로 꼽히는 무스너클 패딩 가격은 대부분 100만원대가 넘는다.한편 김정주 대표는 NXC를 통해 비(非) 게임 분야 투자를 지속해서 이어오고 있다. 무스패션에 앞서 명품 유모차 업체인 스토케, 암호화폐 거래소 비트스탬프와 코빗 등에 20여개 회사를 인수하거나 투자했다.노재웅 (ripbird@edaily.co.kr)네이버에서 ‘이데일리’ 구독하기▶청춘뉘우스~ 스냅타임▶＜ⓒ종합 경제정보 미디어 이데일리 - 무단전재 &amp; 재배포 금지＞",이데일리,https://n.news.naver.com/mnews/article/018/0004618283?sid=105,0.0,0.8,0.0,0.0
2019-12-01,2019-12-01 07:10:03,美 검찰 ‘北서 암호화폐 강연’ 전문가 기소… 최장 20년형 가능,"“北의 돈세탁ㆍ제재 회피 위한 고급 정보 전달… 대북 제재 위반”게티이미지뱅크 코리아미국 검찰이 북한에서 암호화폐 관련 강연을 한 미국인 전문가를 대북 제재 위반 혐의로 기소했다. 북한이 암호화폐와 블룩체인 기술을 활용해 제재망을 빠져 나갈 수 있도록 도와 줬다는 이유인데, 해당 전문가는 유죄 판결 시 최대 징역 20년형을 선고받을 수도 있다.지난달 30일 미국의소리(VOA) 방송에 따르면, 미 뉴욕 남부지검은 싱가포르에 거주하는 미국인 버질 그리피스(36)를 국제비상경제권법(IEEPA) 위반 혐의로 체포한 뒤 기소했다고 전날 밝혔다. 지난 4월 미 국무부의 승인 없이 중국을 거쳐 북한을 방문, ‘평양 블록체인 암호화폐 회의’에 참석한 그리피스는 이 자리에서 △암호화폐를 이용한 제재 회피 △돈 세탁 방법 등에 대해 강연한 것으로 전해졌다.검찰은 그리피스가 캘리포니아공대 박사학위를 보유한 전문가라면서 “남북한 간 암호화폐 거래를 촉진할 계획을 세웠고, 다른 미국인들에게 내년 같은 행사 참여를 권장했다”고 밝혔다. 특히 ‘블록체인과 평화’라는 제목의 주제 발표에선 블록체인 기술이 북한을 어떻게 도울 수 있는지도 소개했다는 게 검찰의 설명이다. 제프리 버먼 뉴욕 남부지검장은 “그리피스는 북한에 고급 기술 정보를 제공했고, 북한이 이를 통해 돈 세탁을 하고 제재를 피할 수 있다는 걸 알고 있었다”고 지적했다. 이어 “그리피스의 행위는 북한에 대한 미국의 최대 압박 정책을 위태롭게 한 것”이라고 덧붙였다.지난해부터 미국은 대북 제재 조치의 일환으로, 북한에 대한 미국 시민의 기술 이전 행위를 금지해 오고 있다. 그리피스는 이달 30일 로스앤젤레스 연방법원에 출석할 예정이며, 검찰은 그가 재판을 통해 최대 징역 20년형에 처해질 수 있다고 설명했다. 그리피스는 2007년 온라인 백과사전인 위키피디아에서 항목 내용을 고친 익명 사용자들의 신원을 밝혀 내는 프로그램 ‘위키스캐너’를 개발, 미 언론의 조명을 받기도 했다.김정우 기자 wookim@hankookilbo.com ▶[이벤트]한국일보 채널 구독 or 추천하면 에어팟이 내꺼! ▶뉴;잼을 보면 뉴스가 재밌다. [뉴스레터 구독하기]",8면 1단,https://n.news.naver.com/mnews/article/469/0000444831?sid=104,0.0,-1.0,-1.0,0.0
2017-08-24,2017-08-24 02:20:00,"[財tech]NH투자증권, 4차산업 주식+채권 안정 투자","[아시아경제 임혜선 기자]NH투자증권의 'H-아문디(Amundi) 4차 산업혁명 30 채권혼합형 펀드'는 국내 4차산업 관련 주식과 안정적인 채권에 동시에 투자하는 상품이다.국내 4차 산업혁명 관련주에 신탁자산의 30% 이하로 투자하고 50% 이상은 국공채 및 지방채 등 우량채권에 투자한다. 안정적인 이자수익을 추구하는 중위험 중수익을 선호하는 투자자에게 적합하다.이 상품은 신탁자산의 30% 이하를 빅데이터, 인공지능, 공유경제, 바이오테크, 전기차, 자율주행차, 스마트팩토리, 폴더블디스플레이 등으로 구성된 8대 핵심영역에 집중 투자한다. 향후 대한민국의 미래 먹거리가 될, 4차 산업 혁명 관련 분야에 투자한다는 점이 이 상품의 매력이다.4차 산업혁명이란 인공지능, 로봇기술, 가상현실, 빅데이터 등 정보통신기술이 현존하는 기술과 융합해 이루어지는 차세대 산업혁명을 의미한다. 4차 산업혁명이 가져올 사회적, 경제적 변화 및 정부의 신산업 육성정책 기대감 등을 고려해보면 4차 산업혁명 투자는 이제 선택이 아닌 필수 투자요건으로 꼽힌다.또한 신탁 자산의 50% 이상을 투자하는 채권 투자는 국내 우량등급 채권으로 구성해 안정적인 이자수익을 추구한다. 국공채, 지방채, 특수채 등 다양한 만기의 우량채에 분산 투자해 안정적인 이자수익을 확보하고, 우량 은행채 및 회사채에도 금리상황에 따른 매매전략을 활용해 추가적인 수익도 창출한다.이 상품의 주식 운용을 맡은 NH-Amundi자산운용의 중소형주 운용팀은 2015년 이후 3년 연속 국내 중소형주 부문 펀드대상을 다수 수상했다. 또한 다양한 리서치 활동과 기업분석으로 초과수익 달성을 위해 매진하고 있다.임혜선 기자 lhsro@asiae.co.kr▶ 뉴스가 재밌다! 세상의 모든 재미 [티잼]▶ 많이 본 기사&lt;ⓒ세계를 보는 창 경제를 보는 눈, 아시아경제 무단전재 배포금지&gt;",20면 2단,https://n.news.naver.com/mnews/article/277/0004060967?sid=101,0.0,0.0,0.8,0.8
2022-02-14,2022-02-14 01:24:01,"구글 클라우드, 클라우드에서 몰래 하는 암호화폐 채굴 막는다","[디지털데일리 이상일기자] 구글 클라우드가 암호화폐 채굴 멀웨어 등의 위협을 탐지하는 ‘VMTD(Virtual Machine Threat Detection, 가상머신 위협탐지)’ 퍼블릭 프리뷰 버전을 업계 최초로 발표했다. 이 기능은 구글 클라우드 SCC(Security Command Center, 보안관제센터)에 새로운 위협 탐지 레이어로 포함되어 에이전트리스(agentless) 메모리 스캔을 제공한다.점점 더 많은 기업이 클라우드를 도입하면서 많은 조직이 클라우드 플랫폼에서 기본으로 제공하는 보안 솔루션을 통해 암호화폐 채굴 위협과 같은 새로운 위협을 해결하고 있다. 실제로 구글이 지난해 11월 발표한 ‘구글 사이버 보안 실행팀 위협 범위 보고서’에 따르면 보안이 침해된 클라우드 인스턴스의 86%가 암호화폐 채굴에 사용되고 있으며, 기업은 구글 클라우드 VMTD를 사용해 암호화폐 채굴, 데이터 무단 반출, 랜섬웨어 등 나날이 커지는 공격으로부터 보호를 강화할 수 있게 됐다. 구글 클라우드는 업계 최초로 에이전트가 필요 없는 메모리 스캔을 지원해 구글 컴퓨트 엔진(Compute Engine)에서 고객이 추가 소프트웨어를 실행하지 않아도 위협을 탐지할 수 있다. 별도 에이전트를 실행하지 않아 컴퓨트 엔진의 성능 저하를 방지하면서, 에이전트 배포 및 관리에 대한 운영 부담을 줄이고 잠재적인 공격자의 공격에도 덜 노출된다. 구글 클라우드는 워크로드에 잠재적 위협이 있는지 확인하는 VM 위협 탐지 방식의 신뢰도를 높이기 위해 SCC 프리미엄 고객에게 VMTD 퍼블릭 프리뷰 버전을 선택적으로 도입하도록 조치했다. 또한 고객이 컴퓨트 엔진에서 보안 컴퓨팅을 선택하는 경우, CPU에서 RAM으로 이동할 때 메모리 암호화를 제공하고 기밀 노드에서는 VMTD로 메모리를 처리하지 않는다. 구글 클라우드는 VMTD를 SCC 프리미엄에 완전히 통합시켜 포괄적인 위협 탐지를 제공한다. VMTD는 SCC 프리미엄의 기본 제공 서비스인 Event Threat Detection(이벤트 위협탐지), Container Threat Detection(컨테이너 위협탐지) 등 기존 위협 탐지 기능을 보완한다. 기업은 구글 클라우드에서 실행되는 워크로드에 3개의 고급 방어 레이어를 사용해 포괄적인 보안을 구현할 수 있다. SCC 프리미엄은 위협 탐지를 제공하는 것 외에도 구글 클라우드의 포괄적인 보안 및 위험 관리 플랫폼으로서 동작한다. 기업은 클라우드 자산의 가시성을 확보하는 것은 물론, 클라우드 컴퓨팅 구성 요소의 잘못된 구성과 취약점을 발견하고 수정하거나 제거할 수 있다. 구글 클라우드는 VMTD를 정식 버전 출시까지 새로운 탐지 기능을 출시하고 이를 다른 제품과도 통합시킬 계획이다. VMTD 퍼블릭 프리뷰 버전은 구글 클라우드 웹사이트에서 사용할 수 있다.",디지털데일리,https://n.news.naver.com/mnews/article/138/0002118849?sid=105,0.0,0.8,0.0,0.0
2022-04-06,2022-04-06 04:50:05,"코빗 ""PC 풀스크린으로 코인 거래 내용 한눈에 본다""","1920px 풀HD 스크린 지원로딩 속도 1.5배 빨라져메모리 점유율 낮춰 속도 개선  [파이낸셜뉴스] 가상자산 거래소 코빗이 국내 가상자산 거래소 중에는 처음으로 PC용 거래창을 풀스크린으로 업데이트했다. 실시간 시세창 목록부터 매수·매도 주문창, 미체결과 주문·거래 내역까지 한 화면에 표시해 가상자산 거래에 익숙하지 않은 일반인들도 실수없이 거래를 진행할 수 있도록 편의성을 높인 것이다.   코빗은 바이낸스 등 해외 유수 거래소의 사례를 참고해 약 4개월간 거래 편의성과 성능을 개선할 수 있도록 PC용 거래창을 업데이트, 국내 가상자산 거래소 중에는 처음으로 풀스크린과 전문가용 홈트레이딩시스템(HTS)을 도입한 차세대 웹 거래소를 오픈했다고 6일 밝혔다.    코빗은 이용자들이 데스크톱 환경에 맞춰 한 화면에서 다양한 기능을 이용할 수 있도록 PC용 거래창에 초고화질(풀HD)을 지원하는 업데이트를 진행했다. /사진=코빗 코빗은 ""지난 달 데스크톱으로 접속한 이용자 중 약 66%가 초고화질(풀HD)급 해상도 이상의 모니터로 접속했다""며 ""이같은 이용자들의 환경을 고려해 기존 1400픽셀(px)이던 웹 해상도를 1920px로 상향 최적화했다""고 설명했다. 해외 거래소에서는 익숙한 풀스크린을 국내에 도입한 사례는 코빗이 처음이다.   풀스크린에는 실시간 시세창 목록부터 매수·매도 주문창, 미체결과 주문·거래 내역까지 한 화면에 표시해 숙련된 투자자들의 투자 환경을 만드는 데 집중했다. 한 화면에 매수, 매도창이 구분돼 있어 주문 실수를 방지했으며 미체결 내역에는 ‘모두 취소’ 기능을 추가해 거래 정확성을 높였다. 또 이용자들은 해당 기능들의 위치와 레이아웃을 직접 조정할 수 있어 각자에게 최적화된 거래 환경을 만들 수 있다.   성능 개선도 했다. 초기 로딩 속도는 1.5초에서 1초로 1.5배 빨라졌으며 전체 페이지 로딩 속도는 기존 6초에서 3초로 2배 빨라졌다. 사용자별 PC 메모리에서 상당 부분 차지하던 시스템 점유율을 대폭 낮추면서 속도 느림 현상을 개선하고 쾌적한 거래 환경을 제공하는 데 집중했다.   오세진 코빗 대표는 “차세대 웹 거래소 업데이트를 통해 전문가급 수준의 홈트레이딩시스템(HTS)을 구축하게 됐다”며 “향후 다양한 서비스를 개선해 신규 사용자를 꾸준히 유치할 수 있도록 노력하겠다”고 말했다.   한편 코빗은 앞서 멀티태스킹 기능을 지원하는 iOS 기반 아이패드용 애플리케이션(앱)을 출시했다. 멀티 디바이스 환경에 맞춰 이용자에게 최적의 거래 환경을 제공하기 위한 것이다. 올 상반기 내 안드로이드 기반 태블릿까지 지원을 확대할 예정이다. #코빗 #가상자산  ",파이낸셜뉴스,https://n.news.naver.com/mnews/article/014/0004815659?sid=105,0.0,0.8,0.8,0.0
2021-12-07,2021-12-07 02:32:01,디파이 날개없는 추락...유동성·규제 ‘쌍끌이’ 악재,"비트·이더 반등과 대조적 행보변동성 확대...스테이블 가치 불안“무분별한 유통 제한 필요”지적최근 디파이토큰(DeFi Token·탈중앙화토큰)이 끝없이 추락하고 있다. 국제결제은행(BIS) 등 금융당국도 디파이에 우려를 지속적으로 제기하고 있다.비트코인과 이더리움 등 주요 가상자산이 급락세가 진정되면서 반등 조짐을 보이고 있지만 상당수 디파이토큰은 낙폭이 더 깊었음에도 좀처럼 반등에 성공하지 못하고 있다.에이프(Aave)와 밸런서(Balancer), 컴파운드(Compound), 스시(Sushi), 신세틱스(Synthetix), 유니스왑(Uniswap), 와이언(Yearn), 뱃저(Badger)와 같은 디파이 토큰을 반영하는 디파이펄스지수(DeFi Pulse Index)는 지난 7개월 동안 낙폭만 62.5%에 달한다. 비트코인이 최근 급락에도 여전히 연초대비 60% 이상 상승세를 유지하고 있는 것과 대조적이다.디파이 토큰이 하락세를 겪고 있는 배경에는 유동성 한계와 규제 위험이 존재한다. 디파이 토큰 대부분이 일부 소유자에 집중돼 유동성이 매우 크다. 디파이의 자금세탁 방지 악용을 막기 위해 규제를 강화해야 한다는 목소리도 크다.국제결제은행(BIS)도 최근 보고서에서 “비은행 금융중개기관(NBFI)은 금융시스템을 보다 효율적으로 만들지만 불안정하게 만들 수 있다”면서 디파이토큰의 급속하고 감독되지 않은 성장에 처음으로 우려를 표명했다.BIS는 앞서 디파이를 지자하는 스테이블코인의 위험을 경고하기도 했었다. 스테이블코인은 달러나 국채 등 전통 안전자산을 바탕으로 발행된 코인이다. 하지만 발행근거가되는 자산가치가 안정되지 않을 수 있다는 우려가 제기됐다. 실제 테더는 담보자산에 대한 정보를 충분히 알리지 못했다는 이유로 4100만 달러의 벌금을 부과 받기도 했다.테더나 USD 같은 스테이블 코인의 총발행잔액은 1400억 달러에 달하고 올 2분기 결제규모는 1조7700억 달러나 된다.하지만 ‘안정적(stable)’이란 명칭과 달리 그 가치를 보면 변동폭이 크다. 스테이블코인의 가치가 불안해지만 대규모 인출 사태가 나타날 수 있으며 이는 금융시스템을 위협할 수 있다는 게 금융당국의 우려다. 스테이블 코인이 거래되는 가상자산거래소의 인프라도 미비해 시장 충격발생 시 거래장애 등의 위험도 크다. 이 때문에 중앙은행 디지털화폐(CBCD)가 발행돼 디파이의 부분별한 유통을 제한할 필요가 있다는 목소리가 금융당국을 중심으로 커지고 있는 상황이다. 이호 기자",16면 1단,https://n.news.naver.com/mnews/article/016/0001921675?sid=101,0.0,-0.8,0.5,0.0
2017-06-27,2017-06-27 08:15:25,은행 이어 민간기업까지 디도스 공격 예고 “협상은 없다”,"[디지털데일리 최민지기자] 주요 시중은행을 대상으로 디도스(DDoS, 분산서비스거부) 공격을 예고하며 비트코인을 요구한 해킹그룹 아르마다 콜렉티브(Armada Collective)가 민간기업까지 손을 뻗치고 있다. 클라우드 전문 기업인 스마일서브(대표 김병철)는 자사 서비스를 이용하고 있는 가상사설망(VPN) 제공 기업이 아르마다 콜렉티브로부터 디도스 공격 협박 이메일을 받았다고 27일 밝혔다. 이에 스마일서브는 해당 고객을 대상으로 긴급 디도스 방어 제공에 나서기로 했다.  스마일서브에 따르면 이 고객은 지난 26일 협박 이메일을 받았으며 3200만원에 달하는 10비트코인을 지급하지 않으면 27일 디도스 공격을 시작하겠다고 했다. 이들은 디도스 공격이 초당 1Tbps에 이르기 때문에 막기 어렵다고 엄포를 놓고 있다. 협상에 응하지 않으면 공격 몸값을 20비트 코인으로 올리고 공격을 지속하겠다고 협박했다.은행 및 금융기관을 대상으로 협박한 내용과 동일한 수법이다. 이 해킹그룹은 ▲KB국민 ▲우리 ▲신한 ▲KEB하나 ▲NH농협은행 등과 한국거래소 및 일부 증권사를 시작으로 수협, 전북은행, 대구은행 등 지방은행들까지 대상을 확대하며 디도스 공격을 무기삼아 협박을 일삼았다. 이제는 민간기업까지 협박 메일을 뿌리고 있는 양상이다. 스마일서브는 자사 고객을 협박한 해커에 강경 대처할 방침이다. 협상의 선례를 남기지 않고 적극적으로 공격을 방어해 고객에게 피해가 가지 않도록 한다는 계획이다. 스마일서브는 위협을 받은 모든 고객을 대상으로 비용을 받지 않고 디도스 방어 서비스를 제공하기로 했다. 또한, 스마일서브는 긴급 대응팀을 통해 위협을 받은 고객에게 부당한 요구에 응하지 말라는 안내와 함께 핫라인 개설해 24시간 고객의 문의에 대응한다. 더불어 안티 디도스(ANTI DDOS) 운영팀에 추가 인력을 배치키로 했다.김기중 스마일서브 본부장은 “2015년 아카마이 고객을 대상으로 아르마다 콜렉티브의 디도스 공격이 있었는데, 당시 아카마이의 발표에 따르면 이들의 공격은 최대치가 772Mbps 정도였다”며 “1Tbps는 공포를 조성하기 위해 과장한 것으로 보인다”고 말했다. 이어 “26일 긴급 대응팀을 구성해 디도스 공격 방어책을 마련했다”며 “이들의 기존 공격 방식을 분석한 결과 150Gbps급 공격까지 막을 수 있는 스마일서브의 안티 디도스 서비스로 완화가 가능하다는 결론을 내렸고, 위협을 받은 모든 고객에게 무료로 제공하겠다”고 덧붙였다.&lt;최민지 기자&gt;cmj@ddaily.co.krIT언론의 새로운 대안[디지털데일리]IT정보의 즐거운 업그레이드[딜라이트닷넷]최민지(cmj@ddaily.co.kr)&lt;저작권자 © 디지털데일리 무단전재-재배포금지&gt;",디지털데일리,https://n.news.naver.com/mnews/article/138/0002051961?sid=105,0.0,-0.8,-1.0,0.0
2021-11-20,2021-11-20 06:22:01,"님 테크놀로지, 'a16z 주도' 시리즈A서 150억원 유치","사진=님 테크놀로지개인정보 보호 기술 개발 스타트업 님 테크놀로지(NYM Technology)가 150억 원 규모의 시리즈 A 투자 유치를 성공적으로 마무리했다고 20일 밝혔다. 이번 투자 라운드는 유명 실리콘벨리 벤처캐피탈 안데르센 호로위츠(a16Z)의 주도 하에 디지털 커런시 그룹(Digital Currency Group), 테이사 캐피탈(Tayssir Capital), 후오비 벤처스(Huobi Ventures), 해시키(Hashkey), 펜부시 캐피탈(Fenbushi Capital) 등이 참여했다. 님 테크놀로지는 인터넷 데이터를 암호화하는 자체 네트워크 믹스넷(Mixnet)을 개발 중이며 이번 투자 라운드를 통해 2억7000만 달러(약 3200억 원)의 기업 가치를 인정받았다. 해리 할핀(Harry Halpin) 님 테크놀로지 최고경영책임자(CEO)는 ""이번 투자를 통해 우수한 벤처캐피탈의 도움을 받게 되어 기쁘게 생각한다""면서 ""개인정보 보호는 모든 블록체인에 필수적이기에 우리는 데이터 보안의 새로운 표준을 만들어 나갈 것""이라고 말했다. &lt;블록체인·가상자산(코인) 투자 정보 플랫폼(앱) '블루밍비트'에서 더 많은 소식을 받아보실 수 있습니다&gt;",한국경제,https://n.news.naver.com/mnews/article/015/0004630849?sid=105,1.0,0.8,0.0,0.0
2021-04-07,2021-04-07 07:46:17,비트코인 한때 7000만원대까지 하락…김치 프리미엄 20% 넘어,"/ 로이터오늘 오후 2시 40분쯤 1BTC 당 7920만원(업비트 기준)까지 올랐던 비트코인 가격이 오후 4시 8분쯤 1BTC 당 7040만원까지 떨어졌다.알트코인(비트코인을 제외한 코인) 등락률을 더욱 심하다.오후 한때 1BTG 당 20만원까지 치솟았던 비트코인골드(BTG)는 전날보다 44%가량 오른 14만4900원 대에서 등락을 반복하고 있다. 1주일동안 70%가량 급상승한 비트토렌트(BTT)는 전날보다 23% 떨어진 1BTT당 10.20원 가량에 거래되고 있다.24시간 거래되는 가상화폐 거래소의 특성 상 매초, 매분마다 오르내리는 등락폭이 크다.알트코인은 변동성이 높은 탓에 이른바 '대박'을 꿈꾸는 20~30대들에게 주목을 받고 있지만 그만큼 '쪽박' 가능성도 높다는 점도 주의해야 한다.최근 코스피 거래액을 훌쩍 뛰어넘은 가상화폐 거래액을 기반으로 가상화폐 거래소가 앞다퉈 신규 알트 코인을 상장 시키는 탓에피해를 보는 투자자도 늘고 있다.지난 5일 5650원에 상장한 던프로토콜(DAWN)은 상장 직후 2만4770원까지 올랐다가 어제보다 35% 가량 떨어진 3625원에 거래 중이다.인터넷 커뮤니티에는 기습 상장하는 코인에 투자했다 피해를 봤다고 호소하는 글들이 속출하고 있다.전문가들은 시가 총액이 적은 알트코인 투자는 특별히 더 주의해야 한다고 경고하고 있다.김치프리미엄 (해외보다 국내 암호화폐 가격이 더 비싼 것을 뜻함)도 주의해야 한다.현재 국내 비트코인 가격은 해외보다 약 20% 비싼 가격에 거래되는만큼 시장 과열을 우려하는 목소리도 커지고 있다. / 이태형 기자이태형 기자(nihao@chosun.com)☞ 네이버 메인에서 TV조선 구독하기☞ 더 많은 TV조선 뉴스 보기* 뉴스제보 : 이메일(tvchosun@chosun.com), 카카오톡(tv조선제보), 전화(1661-0190)- Copyrights ⓒ TV조선. 무단전재 및 재배포 금지 -",TV조선,https://n.news.naver.com/mnews/article/448/0000324296?sid=101,0.0,-0.8,-0.8,0.5
2022-03-18,2022-03-18 02:17:21,블록체인 기반 분산저장 솔루션 코넌드라이브 서비스 적용,"코넌코리아 코넌드라이브코넌코리아(회장 표세진)는 내달 2일 싸이월드 서비스 오픈 예정인 싸이월드제트와 '데이터의 블록체인 기반 암호화 분산저장 기술서비스 제공' 협약을 맺었다고 밝혔다. 양측은 협약을 통해 싸이월드 미니홈피의 보안성을 높인다. 단순 데이터 저장이 아니라 블록체인 기반 분산저장기술 솔루션 '코넌드라이브'로 암호화해서 분산 저장한다.코넌드라이브는 분산형 슈퍼컴퓨팅(DSC) 기술이 적용된 솔루션이다. 해당 기술은 개인용PC나 휴대폰 등 유휴 저장용량을 활용해 인공지능(AI), 자율주행, 리서치&amp;서베이, 빅데이터 분석, 그래픽 처리 프로젝트, 딥러닝 등 기술연구에 사용하고 발생수익을 유휴 저장용량 제공자에게 되돌리는 시스템으로 구축돼 있다. 싸이월드는 코넌드라이브 활용에 동의한 회원 PC와 휴대폰 유휴 저장용량에 방대한 싸이월드 데이터를 블록체인 기술 기반으로 암호화한 후 분산 저장해서 강력한 보안시스템을 구축할 뿐만 아니라 데이터 저장의 탈중앙화도 기대할 수 있게 되었다.싸이월드 회원들은 '보상형 드라이브'에 참여하면 가상화폐로 보상받는다. 코넌 코인은 현재 가상화폐거래소 빗썸 등에 상장돼 보상받은 코인은 투자용으로 활용이 가능하며, 양사는 '보상형 드라이브' 외에도 싸이월드에서 코넌 코인 활용도를 높이는 방안을 논의하고 있다고 덧붙였다.싸이월드 관계자는 “협업으로 회사는 스토리지에 소요되는 막대한 비용을 절감하게 됐고, 회원 데이터를 암호화해서 분산 저장함으로써 취약했던 보안을 강화할 수 있게 됐다”며 “회원들도 코넌드라이브 사용에 따른 보상으로 미니홈피를 꾸미는 비용을 절감하는 효과를 톡톡히 누릴 수 있을 것”이라고 말했다. 코넌코리아 관계자는 “싸이월드 서비스 재오픈과 조속한 정상화를 위해 이미 10페타바이트(PB)의 대용량 스토리지를 제공하고 있다”며 “싸이월드를 통해 노드(Node)화 되는 회원 PC 및 휴대폰을 사용되지 않는 시간대에 활용해 많은 회원에게 실질 보상이 돌아가는 방안을 준비해 왔다”고 말했다.표세진 코넌코리아 회장은 “싸이월드 같은 방대한 회원을 보유한 슈퍼 앱에 코넌드라이브와 같은 고도의 보안이 유지되는 분산컴퓨팅 기술을 적용한 사례가 세계적으로도 없었다”며 “싸이월드와의 협업으로 가장 선도적인 블록체인 기반 분산저장 기술기업으로 거듭나게 됐다”고 말했다.",전자신문,https://n.news.naver.com/mnews/article/030/0003004579?sid=105,0.0,0.8,0.8,0.0
2021-02-01,2021-02-01 03:01:40,"국세청, 금융투자 소득세 부과 '전산시스템' 만든다","'금융투자소득세' 기반 작업 착수입찰공고 진행...5월까지 ISP 수립년 45억건 이상 거래내역 수집·처리안정적 시스템 운영 조직 구성안 마련국세청이 2023년부터 시행되는 주식양도세 등 '금융투자소득세' 부과를 위한 기반 작업에 착수했다. 전산시스템 구축을 위한 정보화전략계획(ISP) 수립을 5월까지 완료할 방침이다.국세청은 지난달 7일부터 '금융투자소득세 전산시스템 구축' ISP 수립을 위한 입찰 공고를 진행 중이다. 입찰 마감 기한은 이달 2일까지다. 사업은 금액은 4억6200만원, 사업기한은 계약일로부터 120일이다.지난해 기획재정부 세법개정안이 국회 문턱을 넘으면서 2023년부터 금융투자상품(증권, 파생상품)에서 발생하는 모든 소득에 분류 과세(세율 20%, 3억원 초과 25%)된다.예컨대 국내 상장 주식 투자로 수익을 거둔 개인 투자자는 수익의 20%를 양도소득세로 내야 한다.비트코인의 경우에도 가상자산을 팔아 얻은 연간 소득에도 역시 20% 소득세가 부과된다. 암호화폐는 기타소득으로 분류돼 신설 과세에 필요한 이번 전산시스템 구축 대상에 포함되지 않았다.다만 과세대상 금융투자소득간 손익통산 및 손실(직전 5년) 이월공제가 허용된다. 상장주식(국내) 및 주식형 펀드(공모) 5000만원, 이외 금융투자소득은 합산해 250만원까지 공제한다.이처럼 신설되는 금융투자소득세 집행을 위한 전산시스템 개발이 필요하다. 국세청은 전산시스템을 구비하기 위한 ISP 작업에 돌입했다.국세청 관계자는 “금융투자소득세 도입에 따라 연간 45억건 이상 금융투자상품 거래내역을 수집·처리하기 위한 장비 도입 및 프로그램 개발 검토가 필요하다”며 “안정적인 전산시스템 운영 조직 구성 방안도 마련한다”고 설명했다.금융투자소득세 도입에 따라 원천징수, 과세자료 수집·처리, 신고·납부, 신고 사후관리 등 과세행정 전반에 걸쳐 이를 처리할 전산시스템 구축이 요구된다.입찰 공고서에 따르면 사업추진 방안은 △홈택스, 모바일 홈택스(손택스)·엔티스에서 구현될 금융투자소득세 전산시스템의 구조와 자원사용 현황 분석 △금융투자소득세 전산시스템의 미래 모형과 업무 프로세스를 위한 단계별 정보화 전략 수립 △국세청 NTIS 운영·유지보수 사업자 등 금융투자소득세 전산시스템 운영사업자 및 금융회사간 업무 협업 체계 유지 △금융투자소득세 전산시스템 구축 이행과 구축 후 기획·운영을 위한 조직구성 및 소요인력 방안 등이다.이번 입찰은 긴급형으로 진행된다. 무엇보다 2023년 과세시행 전에 과세시행에 필수적인 전산시스템을 구축해야 하므로 시간이 촉박하다.실제로 ISP 수립에 이어 전산시스템 설계〃 개발 및 구축, 안정성·호환성 테스트 등의 일정이 매우 긴급한 상황이다.국세청 관계자는 “내년 예산안에 해당 전산시스템 구축 관련 예산이 반영돼야 하므로 전산시스템 구축 관련 비용 추정등이 포함된 ISP 사업이 5월 말까지 마무리돼야 한다”고 설명했다.유재희기자 ryuj@etnews.com▶ 네이버 홈에서 [전자신문] 구독하기▶ 전자신문 바로가기 [Copyright ⓒ 전자신문 &amp; 전자신문인터넷, 무단전재 및 재배포 금지]",18면 TOP,https://n.news.naver.com/mnews/article/030/0002926335?sid=101,0.0,0.8,0.5,0.0
2020-05-21,2020-05-21 10:04:01,"코인원, '비트코인 피자데이' 기념 신규 가입 이벤트 개최","가상자산 거래소 코인원이 '비트코인 피자데이'를 기념해 신규 가입 이벤트를 개최한다고 21일 밝혔다.피자데이는 비트코인이 처음으로 현물 거래 수단으로 사용된 것을 기념하는 날이다. 지난 2010년 5월 22일 미국에서 1만 비트코인(약 1130억원)과 피자 두 판의 거래가 이뤄진 이후 이날을 기념하기 시작했다.피자데이 이벤트는 신규 가입 회원을 대상으로 진행된다. 신규 가입 및 휴대폰 인증을 완료하고 비트코인을 1회 이상 거래할 경우 이벤트에 자동으로 참여된다. 거래 금액에는 제한이 없으며 마케팅 수신 동의는 필수다.이벤트 참여 조건을 달성한 모든 신규 회원에게 2만 원 상당의 피자 쿠폰이 지급된다. 이벤트는 5월 24일 오후 11시 59분 59초에 종료된다. 피자 쿠폰은 5월 27일까지 순차적으로 지급될 예정이다. 자세한 사항은 코인원 공지사항을 통해 확인할 수 있다.코인원 관계자는 ""비트코인 피자데이를 맞아 의미있는 기념일을 알리고자 이번 이벤트를 기획했다""며 ""당첨자 수에 제한이 없는 이벤트인만큼 많은 참여 부탁드린다""고 말했다.김대영 한경닷컴 기자 kimgiza@hankyung.com기사제보 및 보도자료 open@hankyung.com▶ 네이버에서 한국경제 뉴스를 받아보세요▶ 한경닷컴 바로가기  ▶ 모바일한경 구독신청 ⓒ 한국경제 &amp; hankyung.com, 무단전재 및 재배포 금지",한국경제,https://n.news.naver.com/mnews/article/015/0004345363?sid=105,0.0,0.8,0.0,0.0
2023-06-12,2023-06-12 06:08:05,"""가상자산으로 기본소득 준다"" 알트만의 '월드코인'은…","샘 알트만 CEO ""범용인공지능 시대엔 기본소득 필요""""블록체인은 AI와 같은 잠재력 가져""…월드코인 언급[서울=뉴시스] 최동준 기자 = 9일 서울 영등포구 63스퀘어에서 열린 K-Startups meet OpenAI 행사에서 샘 알트만 오픈AI 최고경영자가 이영 중소벤처기업부 장관과 스타트업과 글로벌 AL 기업간 협업 등에 대해 간담회를 하고 있다. (공동취재사진) 2023.06.09. photo@newsis.com[서울=뉴시스] 오동현 기자 = '챗GPT' 개발사 오픈AI의 샘 알트만 최고경영자(CEO)는 다가올 범용인공지능(AGI)의 시대엔 보편적 기본소득(UBI)이 필요하며, 가상자산이 지급 수단이 될 수 있다고 강조했다. 알트만 CEO는 최근 방한해 중소기업벤처부와 스타트업 관계자들을 만난 데 이어, 자신이 출범한 블록체인 프로젝트 재단 '월드코인' 행사에 참석해 AGI와 가상자산에 대한 의견을 나눴다.AGI는 인간이 할 수 있는 지적인 업무도 성공적으로 해낼 수 있는 기계의 지능을 말한다. 어떤 영역에서든 스스로 학습하고 생각해 문제를 해결하는 것이 AGI다. 사람과 대화하며 글을 짓고 이미지를 생성하는 챗GPT는 AGI의 출발점이라 할 수 있다. 챗GPT는 자연어처리(NLP) 영역서 특정 작업을 수행하도록 설계된 제한적 인공지능(ANI)의 대표적인 사례다.알트만 CEO는 AI가 긍정적인 방향으로 사용될 수 있다고 믿는다. 그는 AI의 발전은 새로운 일자리를 창출하고, 복잡한 문제를 해결하며, 삶의 질을 향상시킬 수 있다고 밝혔다. 알트만 CEO는 지난 9일 서울 여의도에서 오픈AI와 소프트뱅크벤처스가 공동 주최한 행사에 참석해 ""인류의 창의력은 새로운 일자리를 창출할 것""이라며 ""AI에 의해 일자리가 없어지는 게 아니라, 오늘날과 다른 양상의 일자리가 생겨날 것이다. 후세가 이 시대를 바라보면 왜 이렇게 살았느냐고 생각하게 될 것""이라고 전망했다.다만 AI에 의한 노동 시장의 빠른 변화 속도가 두렵다고 했다. 그는 ""이전에도 산업혁명은 노동 시장의 변화를 이끌었고, 세대마다 그 변화에 적응해왔다. 그런데 이런 변화가 AI에 의해 10년 만에 빠르게 이뤄진다면 무서워질 것""이라면서 그 해결책으로 기본소득을 언급했다. 알트만 CEO는 ""기본소득 외 다른 방안도 찾아봐야겠지만, 기본소득은 세계적인 빈곤 문제를 해결할 수 있다""며 ""디지털 격차 문제 등도 우리가 정말 중요하게 생각해야 한다""고 강조했다.알트만 CEO는 2019년 가상자산을 기반으로 기본소득을 지급하는 블록체인 프로젝트 '월드코인'을 출범한 바 있다. 지난 10일 서울 강남구 해시드에서 열린 '월드코인 밋업 서울' 행사에 참석한 그는 ""블록체인 기술이 아직 특이점에 도달하지 못했지만, AI와 같은 잠재력이 갖고 있다""며 ""월드코인은 AGI 시대에 인류에게 유용한 도구가 될 수 있다""고 말했다.12일 월드코인 재단 공식 홈페이지에 따르면, 월드코인은 글로벌 경제에 대한 참여와 접근을 확대하기 위해 노력하는 개발자, 개인, 경제학자 및 기술자로 구성된 글로벌 커뮤니티의 지원을 받는 오픈소스 프로토콜이다. 재단은 관리자로서 월드코인 커뮤니티의 성장을 지원한다.재단은 ""월드코인은 모든 사람에게 소유권을 부여하는 공공 유틸리티로서 세계 최대의 신원 및 금융 네트워크를 구축하고 있다. 국가나 배경에 관계없이 글로벌 경제에 대한 보편적인 접근성을 만들어 지구상의 모든 사람에게 혜택을 주는 미래 경제로의 전환을 가속화하는 것을 목표로 한다""고 밝혔다. 또 ""모든 개인의 고유한 가치와 평등, 개인 정보 보호 권리, 개방적이고 공개적인 협력을 믿는다""고 덧붙였다. 이는 ▲월드 ID ▲월드코인 ▲월드 앱으로 작동한다. 재단에 따르면 '월드 ID'는 개인 정보를 보호하면서 실제 고유한 사람임을 증명하는 디지털 신원이다. 실제 사람임을 증명하면 유틸리티와 미래 거버넌스 모두를 위해 전 세계 최초로 무료로 배포되는 월드코인 토큰(WLD)을 무료로 받을 수 있다. 월드코인 토큰, 디지털 자산 및 기존 통화를 사용해 전 세계에서 결제, 구매 및 송금이 가능한 애플리케이션 '월드 앱'은 지난 8일 전 세계 80여 개국에 출시돼 현재까지 184만명이 가입한 것으로 전해졌다. 사용자는 홍채 인식 기기 '오브(Orb)'로 고유한 실제 사람임을 증명하고, 스마트폰에 '월드 ID'를 저장해 개인 데이터를 공유하지 않고도 웹사이트, 모바일 앱, 가상자산 디앱에 로그인할 수 있다. 월드코인 토큰은 제한된 국가를 제외하고, 월드 ID가 있는 사람이라면 무료로 받을 수 있다. 현재 베타 버전인 월드코인은 올해 상반기 출시를 목표로 하고 있다. 베타 단계에서는 매주 토큰이 지급되며, 정식 출시 후에는 월 단위로 변경될 예정이다. 다만 일각에선 월드코인 재단 측이 가상자산을 미끼로 개인의 정보를 수집하는 것 아니냐는 우려의 시선을 보낸다. MIT 테크놀로지리뷰는 월드코인 측이 지난 2021년 12월 인도네시아에서 주민들의 이메일 주소와 전화번호를 수집하고, 생체인증 데이터를 스캔했다는 사실을 알렸다. 그러면서 ""월드코인은 공정하게 분배된 암호화폐(가상자산) 기반의 '보편적 기본 소득'을 주겠다고 약속했지만 지금까지 한 일은 이런 약속을 미끼로 얻은 가난한 사람들의 생체인증 정보를 갖고 데이터베이스를 구축한 게 전부""라고 지적한 바 있다. 특히 월드코인 토큰이 향후 어떤 가치를 제공할 수 있는지도 아직 명확하지 않다. 다만 알렉스 블라니아 월드코인 창립자는 '월드코인 밋업 서울' 행사에서 ""초기 단계에는 활성사용자 1억명을 목표로 사람들이 사용할 수 있게끔 할 것""이라며 ""가상자산을 일상에서 제대로 사용될 수 있도록 네트워크를 구축할 것""이라고 전했다. 한편 월드코인 프로젝트는 최근 벤처 캐피털로부터 1억1500만 달러(1486억원)의 투자금을 확보한 것으로 전해졌다. 한국의 가상자산 전문 벤처캐피탈(VC) 해시드도 초기 투자사 중 하나다．",뉴시스언론사 선정,https://n.news.naver.com/mnews/article/003/0011908341?sid=105,0.0,0.8,0.5,0.0
2021-11-01,2021-11-01 04:56:01,"코인베이스 유저, 알림사기로 10분 만에 136억원 ‘순삭’","코인베이스서 자금동결됐다는 외부 팝업창 떠전화 유도한 뒤 계정 정보 변경 요구일부 피해금  중국계 가상자산 거래소로 입금돼코인베이스에서 한 사용자가 알림사기로 1160만달러(약 136억원)를 잃었다.(사진= AFP)[이데일리 김다솔 인턴기자] 미국 최대 암호화폐 거래소 코인베이스에서 한 사용자가 약 136억원의 알림 사기를 당했다.31일(이하 현지시간) 미 경제매체 비즈니스인사이더(BI)는 미 로스앤젤레스 검찰을 인용해 한 코인베이스 유저의 계좌에서 약 10분 동안 1160만달러(약 136억원) 상당의 비트코인과 스텔라루멘이 사라졌다고 전했다. 검찰이 제출한 고소장에 의하면 피해자는 지난 4월 200개의 비트코인을 구매한 뒤, 코인베이스에서 자신의 계좌가 잠겼다는 알림창을 목격했다. 이 팝업창은 코인베이스가 보낸 것으로 위장돼 있었다.법원 문서에 ‘G.R’로 표기된 피해자는 이 문제를 해결하기 위해 팝업창에 코인베이스 고객센터라고 적힌 연락처로 전화를 걸었다. 전화를 받은 사람은 G.R에게 원격 접근 허용 등의 일부 계정 정보를 변경하라고 요구했다. 이후 오전 2시2분부터 2시12분까지 G.R의 계좌에 있던 1157만달러의 가상화폐가 다수의 거래를 통해 미확인 계좌에 입금됐다. 조사관에 따르면 이 중 약 10.2개의 비트코인이 중국계 가상자산 거래소인 후오비 글로벌의 계좌로 유입됐다. 이와 관련, 미 연방법원 판사들은 후오비 글로벌로부터 60만달러(약 7억원) 이상의 비트코인을 회수하라는 영장을 발부했다.댄 보일 미국 보조 연방 검사는 지난 9월 캘리포니아 중부 지방법원에 제출한 문서를 통해 “(가해자는) 피해자 계정에 대한 액세스 권한을 얻은 뒤 일일 거래 한도를 늘렸으며 특정 알림 및 경고를 비활성화하려고 했다”고 설명했다.로스앤젤레스 미 법무부의 톰 므로제크 언론홍보 이사는 BI와의 이메일을 통해 “후오비 글로벌은 문제가 해결될 때까지 자금을 동결하는 데 동의했다”고 부연했다.",이데일리,https://n.news.naver.com/mnews/article/018/0005075258?sid=104,0.0,-1.0,-1.0,0.0
2017-03-08,2017-03-08 02:00:11,"MS, 기업 IT자산 애저로 무료 이전","한국마이크로소프트(MS)는 국내 애저 데이터센터 개관을 기념해 다음달 말까지 기업을 대상으로 오픈소스 기반의 IT 자산을 애저로 무료 마이그레이션 하는 프로모션을 한다고 8일 밝혔다. 이번 행사는 자체 서버를 운영하거나 타 클라우드 환경에서 리눅스 기반의 오픈소스 IT자산을 운용하고 있는 기업이 대상이다. 신청고객은 150만원 상당의 리눅스 기반의 가상머신(VM) 워크로드를 MS 애저로 마이그레이션할 수 있다. IT자산을 애저로 이전할 경우 국내 SW기업인 ISA테크가 개발한 SW형 서비스(SaaS)인 제트컨버터를 사용한다. 최주열 한국MS 오픈소스 총괄 이사는 ""이번 프로모션을 통해 많은 기업들이 MS 애저의 안전성과 확장성, 사업 지속가능성의 장점을 적극 활용해 디지털 트랜스포메이션을 앞당길 수 있기를 바란다""고 말했다. 허우영기자 yenny@디지털타임스 홈페이지 바로가기/SNS 바로가기확바뀐 디지털타임스 연예·스포츠 섹션 바로가기&lt; Copyrights ⓒ 디지털타임스 &amp; dt.co.kr, 무단 전재 및 재배포 금지 &gt;허우영 yenny@",21면 2단,https://n.news.naver.com/mnews/article/029/0002391182?sid=105,0.0,0.8,0.0,0.0
2023-03-14,2023-03-14 05:49:03,시중은행 덮친 SVB 사태… 찰스슈왑 -11% [3분 미국주식],"2023년 3월 14일 마감 뉴욕증시 다시보기미국 시중은행 찰스슈왑 간판이 13일(현지시간) 캘리포니아주 토런스지점 앞에 설치돼 있다. AFP연합뉴스미국 뉴욕증시의 은행주들이 실리콘밸리은행(SVB) 파산 사태 여파로 일제히 하락했다. 찰스슈왑은 11%나 급락했다. 하지만 뉴욕증시는 미국 정부의 사태 수습, 연방준비제도(연준)의 긴축 기조 후퇴 가능성에 대한 기대감을 ‘방패막이’로 삼아 폭락 사태만은 면했다. 우려됐던 ‘블랙 먼데이’(월요일 폭락장)는 찾아오지 않았다.1. 찰스슈왑 [SCHW]미국 내 자산 10위권 금융기관으로 평가되는 증권중개업체 찰스슈왑은 14일(한국시간) 마감된 뉴욕증권거래소에서 51.91달러까지 11.57%(6.79달러) 하락했다. 찰스슈왑의 주가를 끌어내린 건 SVB 파산을 불러온 유동성 위기다.SVB는 미국 캘리포니아주에서 실리콘밸리 스타트업들과 거래하며 초우량 안전자산인 미국 장기국채에 투자했다. 하지만 2021년 하반기부터 시작된 인플레이션과 지난해 3월부터 기준금리를 높여온 연준의 고강도 긴축으로 SVB의 재무는 악화됐다.SVB는 결국 ‘뱅크런’(대규모 예금 인출)에 휘말렸고, 미국 국채 위주의 매도가능증권(AFS)을 팔아 18억 달러 규모의 손실을 봤다. 캘리포니아주 금융보호혁신국은 지난 10일 SVB를 폐쇄하고 자국 연방예금보험공사(FDIC)를 파산 관재인으로 임명했다.이로 인해 SVB 지주사 SVB파이낸셜그룹은 지난 10일 마감된 나스닥거래소에서 106.04달러까지 60.41%(161.79달러)나 폭락했다. 나스닥거래소는 그 이튿날인 지난 11일부터 SVB파이낸셜그룹의 거래를 중단했다.SVB 파산 사태는 미국 중소형 은행의 줄도산을 일으켜 자산 규모 상위권 은행에까지 악영향을 미칠 것이라는 우려를 키웠다. 특히 예금 고객을 상대하는 시중은행이 직격탄을 맞았다. 금융주에서 찰스슈왑 외에도 뱅크오브아메리카(-5.81%), 씨티그룹(-7.45%), 웰스파고(-7.13%)의 낙폭이 유독 컸던 이유는 여기에 있다.찰스슈왑만 해도 대형 금융기관에 속한다. 미국 연방금융기관검사위원회(FFIEC)는 지난해 9월 말까지 찰스슈왑의 자산 규모를 5770억 달러(약 754조원)로 집계했다. 미국 내 8위에 해당한다. 뱅크오브아메리카, 씨티그룹, 웰스파고도 같은 기준에서 미국 내 2~4위 은행으로 꼽힌다.찰스슈왑은 “현금 흐름이 1000억 달러에 달해 충분한 유동성을 확보하고 있다”며 우려를 잠재우고 나섰다. 찰스슈왑 최고경영자(CEO) 피터 크로포드는 “회사가 이례적으로 좋은 성과를 내고 있다”며 “1분기 영업수익이 전년 동기 대비 10%가량 증가할 것”이라고 주장했다.2. 코인베이스글로벌 [COIN]미국 암호화폐 거래소 코인베이스글로벌 주가는 은행주들과 반대 곡선을 그렸다. 이날 나스닥거래소에서 10.72%(5.73달러) 급등한 59.17달러에 마감됐다. 코인베이스의 주가는 암호화폐 시장의 흐름에 따라 등락한다.암호화폐 시장은 SVB 사태를 계기로 연준의 고강도 긴축에 제동이 걸릴 것이라는 월스트리트 금융가 일각의 전망과 시장의 기대에 따라 지난 13일부터 급등하기 시작했다. 연준은 미국 동부시간으로 오는 21일부터 이틀간 연방공개시장위원회(FOMCE) 3월 정례회의를 열고 기준금리를 결정한다.시장은 당초 연준의 ‘빅스텝’(0.5% 포인트 금리 인상) 가능성에 무게를 실었다. 하지만 SVB 파산을 계기로 ‘금리동결론’까지 거론되고 있다.미국 시카고상품거래소(CME) 페드워치의 차기 금리 인상률 전망에서 한국시간으로 이날 오후 2시10분 현재 ‘빅스텝’을 택한 비율은 ‘제로’(0%)가 됐다. 한때 70%를 넘던 ‘빅스텝’ 전망이 완전히 사라졌다. ‘베이비 스텝’(0.25% 금리 인상)을 예상한 비율은 75.3%, 금리동결 전망은24.7%로 상승했다.투자 심리와 유동성으로 가치를 결정하는 암호화폐 시장은 급등세를 나타내고 있다. ‘대장화폐’ 비트코인은 같은 시간 미국 암호화폐 시가총액 정보 사이트 코인마켓캡에서 24시간 전보다 9.23%, 1주 전보다 9.26% 상승한 2만4554달러(약 3209만원)를 가리켰다. 같은 시간 국내 거래소 빗썸에서는 3230만원에 거래되고 있다.3. 마이크로소프트 [MSFT]연준의 긴축 기조 후퇴 가능성은 정보기술(IT) 기업의 주가도 상승으로 견인했다. 이로 인해 뉴욕증시 주요 3대 지수에서 기술주 위주의 나스닥지수만 1민1188.84로 0.45%(49.95포인트) 소폭 상승했다. 나스닥 시총 상위권 기업 주가도 일제히 올라갔다.미국 하드‧소프트웨어 기업 마이크로소프트는 연초 상승장을 주도한 대화형 인공지능(AI) ‘챗GPT’ 관련주로서 강세를 이어갔다. 이날 나스닥거래소에서 2.14%(5.33달러) 오른 253.92달러 거래를 마쳤다.로이터통신은 지난 13일 “인도계 SNS 플랫폼 ‘쿠(KOO)’가 챗GPT를 장착한다”고 보도했다. 챗GPT는 마이크로소프트로부터 100억 달러(약 13조원)의 투자를 받은 미국 비상장 스타트업 오픈AI에서 개발됐다. 최근 플랫폼과 결합하며 활용 영역을 넓혀가고 있다.하루 3분이면 충분한 월스트리트 산책. [3분 미국주식]은 서학 개미의 시선으로 뉴욕증시를 관찰합니다. 차트와 캔들이 알려주지 않는 상승과 하락의 원인을 추적하고, 하룻밤 사이에 주목을 받은 종목들을 소개합니다.",국민일보,https://n.news.naver.com/mnews/article/005/0001593394?sid=101,-1.0,-1.0,-0.5,0.0
2021-01-06,2021-01-06 12:11:42,마약·무기 거래 다크웹 '가짜 코로나 백신' 주의보,"[머니투데이 윤세미 기자] 사진=AFP온라인 암거래 시장에서 당국의 승인을 받지 않은 가짜 코로나19(COVID-19) 백신이 거래되고 있는 것으로 알려졌다.도이체벨레에 따르면 유럽연합(EU) 경찰기구인 유로폴은 4일(현지시간) 가짜 코로나19 백신이 불법적으로 온라인에서 판매되고 있다는 경고를 발표했다. 유로폴은 위조된 백신이나 수송 및 보관 과정에서 엄격한 규정을 지키지 못해 폐기된 백신, 당국의 허가를 받지 않은 불법 치료제 등이 사기꾼들의 범죄행위에 이용되고 있다고 밝혔다. 이같은 약물은 건강을 지켜주기는커녕 자칫 목숨을 위협할 수도 있다는 지적이다. 마약이나 무기 등 불법거래가 이뤄지는 다크웹이 가짜 백신 거래의 주무대로 알려졌다. 프랑스 일간 파리지앵도 5일 다크웹에서 코로나19 백신을 팔겠다는 사람은 사기꾼일 가능성이 다분하다고 경고했다.이스라엘 보안업체 체크포인트에 따르면 이미 지난해 11월부터 이미 다크웹에서 코로나19 백신을 거래하는 사이트가 1000개 넘게 등장했으며 10여곳에서 백신 거래가 확인됐다. 지난해 11월은 주요 제약사들의 3상 임상결과가 갓 나오기 시작했을 때였다. 백신 가격은 최소 250달러(약 27만원)에서 최대 1000달러 수준이며 결제는 가상화폐 비트코인으로만 가능했다고 한다.앞서 세계보건기구(WHO)는 가짜 백신은 안전하고 효과적인 코로나19 백신과 보건 당국에 대한 신뢰까지 잃게 할 수 있다면서 엄격한 단속을 촉구했다.윤세미 기자 spring3@mt.co.kr▶부동산 투자는 [부릿지]▶조 변호사의 가정상담소▶줄리아 투자노트 &lt;저작권자 ⓒ '돈이 보이는 리얼타임 뉴스' 머니투데이, 무단전재 및 재배포 금지&gt;",머니투데이,https://n.news.naver.com/mnews/article/008/0004524717?sid=104,0.0,-1.0,-1.0,0.0
2022-10-19,2022-10-19 22:31:01,中 전기차 비야디의 질주… 3분기 순이익 세 배 늘어,"[WEEKLY BIZ] 당신이 챙겨야 할 뉴스 365%중국 전기차 업체 비야디(BYD)의 3분기 순이익이 전년 대비 333~365% 증가할 것으로 내다봤다. 1~3분기 누적 순이익도 지난해 같은 기간보다 290% 늘어 91억~95억위안(약 1조8000억~1조8700억원)에 이를 것으로 전망했다. 3분기 BYD는 지난해 같은 기간보다 두 배 가까이 많은 53만7000여 대의 전기차와 하이브리드 차량을 판매했다.18일 파리 모터쇼에 출품된 비야디 전기차를 관람객들이 구경하고 있다. /신화·연합뉴스 29%미국 MZ세대 부자 29%는 올해 급락한 암호화폐를 여전히 “부를 창출할 최고 수단”이라고 여기는 것으로 조사됐다. 최근 투자은행 뱅크오브아메리카(BOA)가 투자 자산 300만달러(약 42억6400만원) 이상인 21~42세 부자 1052명을 설문 조사한 결과다. 이 연령층은 암호화폐를 보유할 가능성도 43세 이상보다 7.5배 높은 것으로 조사됐다.10개월미국의 주택 건설업자들이 체감하는 부동산 경기가 10개월 연속 하락했다. 1985년 이후 최장 기간 하락세다. 미 주택건설업협회(NAHB)와 투자은행 웰스파고에 따르면 10월 주택시장지수(HMI)는 전월보다 8포인트 하락한 38로 집계됐다. 코로나 팬데믹 초기인 2020년 초를 제외하면 2012년 8월 이후 10년 만에 가장 낮은 수치다. 향후 6개월 매매 전망 지수도 전월보다 11포인트 급락한 35로 2012년 이후 최저치를 기록했다.241만명글로벌 최대 온라인 동영상 서비스(OTT) 넷플릭스가 3분기 새 가입자 241만명을 확보해 시장 예상치(109만명)를 100% 이상 뛰어넘었다. 새로운 가입자 절반 이상은 아시아에서 확보했다. 아시아 가입자 증가에는 올해 방영된 한국 드라마 ‘이상한 변호사 우영우’도 크게 기여한 것으로 나타났다. 넷플릭스에 따르면 ‘우영우’는 28국에서 주간 비영어권 시리즈 1위를 차지했다.드라마 '이상한 변호사 우영우' /넷플릭스WEEKLY BIZ Newsletter 구독하기 ☞ https://page.stibee.com/subscriptions/146096",조선일보언론사 선정,https://n.news.naver.com/mnews/article/023/0003723180?sid=101,1.0,0.8,0.0,0.0
2022-02-17,2022-02-17 06:52:03,"이준행 고팍스 대표 ""1분기 중 원화마켓 전환 완료할 것""","고팍스, 지난 15일 전북은행 실명계좌 확보이준행 대표 ""1분기 내 가시적 성과 낼 것…전북은행과 협조 중""한국블록체인협회 등 ""5대 거래소 탄생 환영""이준행 스트리미 대표의 2018년 기자간담회 모습. [사진= 한경DB]지난 15일 전북은행으로부터 실명확인 입출금 계정(실명계좌)을 확보한 고팍스가 1분기 중으로 원화마켓 전환을 완료하겠다는 계획을 밝혔다.이준행 스트리미(고팍스 운영사) 대표는 17일 블루밍비트와의 통화에서 ""원화마켓 전환과 관련해 대략 1분기 내 가시적인 성과를 내려 한다""며 ""전북은행과 최대한 협조하며 진행 중""이라고 말했다.특정금융정보법(특금법)에 따르면 국내 가상자산(암호화폐) 거래소는 시중 은행으로부터 실명계좌를 받아야만 원화마켓 운영이 가능하다. 이에 현재 실명계좌를 확보한 국내 4대 거래소(업비트·빗썸·코인원·코빗)만 원화마켓을 운영 중이다.반면 고팍스를 비롯한 나머지 21개 거래소는 시중 은행으로부터 실명계좌를 받지 못해 원화마켓은 닫은 채 코인마켓만 운영해왔다. 국내 투자자들은 원화마켓에 익숙한 만큼 이들 거래소의 거래량은 90% 급감했다. 거래소의 주요 수입원인 거래 수수료가 급감함에 따라 원화마켓으로 전환하지 않는다면 사업을 오래 영위하지 못할 것이라는 지적도 꾸준히 제기됐다.하지만 고팍스가 이번에 중소 거래소 중 최초로 실명계좌를 확보하면서 본격 다른 거래소들의 선례가 될 것으로 보인다. 고팍스 관계자는 ""최근 메타버스나 대체불가토큰(NFT) 등이 부상하며 가상자산 시장에 좋은 영향을 주고 있고, 비트코인 등 가상자산에 대한 금융권의 내부 보고서들도 앞다퉈 나오는 상황""이라며 ""이런 분위기가 계속된다면 기존에 실명계좌 확보를 위해 열심히 준비해 온 나머지 중소 거래소들도 좋은 기회를 얻을 수 있을 것""이라고 전했다.그는 이어 ""회사의 목표는 1분기 내 원화마켓 변경 신고서를 제출하고 결과를 내는 것""이라며 ""앞서 엎어진 경험이 있다 보니 더욱 꼼꼼하게 준비하고 있다""고 덧붙였다. 고팍스는 앞서 지난해 9월 전북은행과의 제휴가 성사 직전에서 무산된 바 있다. 당시 양사는 각 실무진의 검토를 완료하고 기술적 연동 등을 마쳤으나 가상자산에 우호적이지 않은 당국의 분위기에 최종 합의를 도출하지 못한 것으로 전해졌다.업계 역시 이번 5대 거래소의 탄생을 환영하는 분위기다. 한국블록체인협회는 전날 고팍스에 대해 ""특금법 시행 이후 은행으로부터 실명계좌를 추가로 발급받은 첫 사례""라며 ""추가 발급을 매우 환영하고 축하한다""고 밝혔다. 이어 ""실명계좌 발급이 막혀 코인마켓으로 전환할 수밖에 없었던 다른 거래소에도 좋은 선례가 되길 바란다""며 ""가상자산과 블록체인 산업의 발전 등을 위해 노력하고 있는 여타 거래소에도 공정한 기회가 제공돼야 할 것""이라고 당부했다.한국디지털자산사업자연합회도 17일 공식 자료를 통해 ""고팍스의 은행 실명계좌 발급을 적극적으로 환영한다""며 ""이를 계기로 아직도 실명계좌를 발급받지 못한 21개의 코인마켓 거래소들에 대해서도 조속한 기간 내에 실명계좌가 발급돼야 한다""고 강조했다.연합회에 따르면 현재 금융위원회 금융정보분석원(FIU)에서 특금법에 의해 가상자산사업자(VASP) 신고 수리를 마친 26개의 거래소 가운데 은행 실명계좌를 발급받은 거래소는 19.2%(5개)에 불과하다. 한편 고팍스는 지난해 코인베이스 등 전 세계 200여 개 가상자산 회사를 포트폴리오사로 보유한 디지털커런시그룹(DCG)으로부터 대규모 투자를 유치하기도 했다. DCG는 해당 투자로 고팍스의 2대 주주가 됐다.&lt;블록체인·가상자산(코인) 투자 정보 플랫폼(앱) '블루밍비트'에서 더 많은 소식을 받아보실 수 있습니다&gt;",한국경제,https://n.news.naver.com/mnews/article/015/0004664843?sid=105,0.0,0.8,0.8,0.0
2018-09-17,2018-09-17 14:09:06,경제교류 확대 위한 ‘크립토 연합’ 탄생,"9월 14일 NKcoin 등 코인연합 출범식 개최(사진 설명) 왼쪽 부터정태헌 우리경제교류협회 회장, 박항준 콤마코인랩스 대표, 김태성 모헤닉 대표, 박성재 얍컴퍼니 대표제3세계 국가들과의 무역거래를 돕는 NK코인을 비롯한 이른바 ‘크립토 연합(United Cryptos)’이 탄생한다.14일 우리경제교류협회는 중국 선양(瀋陽)에서 하나의 생태계 속에서 시장에 함께 진입하려는 암호화폐들과 함께 ‘크립토연합’의 출범식을 열었다.이번 출범식에는 NK코인 외에 순수 토종 블록체인 메인넷을 준비 중인 '얍체인'과 88개국 언어를 활용한 SNS서비스를 제공하는 '콤마코인', 세계 최초 실물자산형 코인으로 전기차 플랫폼 공급을 위한 '모헤닉코인' 등이 참석했다.크립토연합을 주도하는 액셀러레이터 하이퍼텍스트메이커스의 박항준 대표이사는 “무한한 잠재력을 갖고 있는 암호화폐는 보험, 거래, 무역, 건강, 지역화폐 등 다양한 분야에서 유용하게 사용될 수 있으며, 북한이나 제3세계로 확장하기 위해 철학을 공유하는 10여개 코인들이 추가로 합류할 것이다.”라고 크립토연합의 필요성을 강조했다.최근까지 암호화폐는 이같은 유용성에도 불구하고 시장 확대와 현실성이 부족하다는 지적을 받았고, 코인별로 독자 사업을 수행하며, 코인 상호간 경쟁관계만 남아 시장에 진입할 때 불협화음이 이어졌다.따라서 특정 투자자들만이 코인을 거래하거나, 신규 투자금이 유입되지 않고 코인간 이동만 하는 부작용을 낳았다.크립토연합은 사전에 코인의 옥석을 가리고, 코인이 시장에 런칭하고 확대되기 위해 코인들간 상호 협력할 계획이다. 제3세계 국가로 진출할 경우에도 크립토연합은 해외진출, Meet-up, ICO 등 암호화폐를 알리는 공동마케팅을 수행할 예정이다.암호화폐 전도사로 알려진 로저버 비트코인닷컴 대표는 이와 유사한 개념의 ‘동북아 크립토연대’에 대해 매우 환상적이라고 표현한 바 있다. 크립토연합은 향후 크립토경제 규모를 확대하는 데 크게 이바지 하기를 기대한다고 밝혔다.    김종윤 기자(kjyyoung@sbs.co.kr) ☞ 의견 있는 경제채널 SBSCNBC [홈페이지] [뉴스스탠드]☞ 공식 SNS [페이스북] 저작권자 SBS플러스 &amp; SBS I&amp;M 무단전재-재배포 금지",SBS Biz,https://n.news.naver.com/mnews/article/374/0000166627?sid=101,0.0,0.8,0.8,0.0
2018-06-09,2018-06-09 02:45:04,암호화폐 거래소가 1억원 보이스피싱 막았다,"캐셔레스트, 전주덕진경찰서로부터 표창장 받아 1억원에 달하는 보이스피싱 사기를 암호화폐 거래소가 막아내 화제다.  암호화폐 거래소 캐셔레스트는 9일, 전주 덕진경찰서 및 신한은행 강남구청역 지점과 공조 수사로 암호화폐 보이스피싱 사기를 막았다고 밝혔다.  캐셔레스트와 전주 덕진경찰서에 따르면, 피의자는 시골 노인에게 ""자신들에게 투자하면 비트코인으로 매달 큰 금액의 이자를 지급하겠다""고 속여 현금 1억원을 캐셔레스트에 등록돼 있는 피의자 자신의 계좌로 이체하게 했다.         암호화폐 거래소 캐셔레스트를 운영하는 뉴링크의 박원준 대표(왼쪽)가 지난 7일 전주 덕진경찰서 이후신 서장으로부터 표창장을 받고 기념촬영을 하고 있다.   피의자는 캐셔레스트의 최초 출금 해제 기준인 72시간을 피해가기 위해 1만원을 미리 입금하는 치밀함도 보였다. 또 피의자는 피해자의 현금이 입금되자 이를 특정 암호화폐로 교환하고 즉시 출금을 신청했다.  이 상황에서 캐셔레스트는 이상금융거래감지시스템을 통해 금융사기 의도가 있는 것으로 판단했다. 피의자의 항의 전화와 문의에도 불구하고 4~5일 동안 출금을 지연시켰다. 그동안 해당 이용자 및 계좌, 패턴을 지속적으로 모니터링 한 점이 보이스피싱 사기를 막는 데 결정적인 역할을 했다.  캐셔레스트 관계자는 ""빅데이터에 기반해 평상시의 암호화폐 거래 패턴과 달라 이상금융거래로 판단했다""고 설명했다.  출금을 지연시키던 과정에 전주 덕진경찰서에는 '암호화폐 재정거래를 도와주면 수익을 준다'는 보이스피싱 신고가 접수됐다. 이에 따라 전주 덕진경찰서와 신한은행 강남구청역 지점, 캐셔레스트가 긴밀히 공조, 계좌추적 등을 통해 보이스피싱 사기라는 게 밝혀졌다.  캐셔레스트는 피의자와의 통화 녹취 및 1대1 문의 내용 등을 증거자료로 제출했다. 피해자는 캐셔레스트의 출금 지연 덕분에 원금을 돌려받을 수 있었다.  박원준 캐셔레스트 대표는 ""고객들의 돈은 우리의 자산처럼 매우 소중하다는 철학으로 투명하고 철저하게 관리하고 있다""며 ""캐셔레스트는 앞으로도 이상금융거래감지시스템은 물론 다양한 툴 및 인력을 활용해 고객들의 돈을 보호하는 데 앞장 서 나갈 것""이라고 밝혔다.  한편 캐셔레스트는 보이스피싱 사기를 예방하는 데 도움을 준 공로를 인정받아 지난 7일 전주 덕진경찰서에서 표창장을 받았다. 현재 전주 덕진경찰서는 보이스피싱 사기범을 검거하기 위해서 추적 중이다.   jjoony@fnnews.com 허준 기자   ▶ 세상의 모든 골 때리는 이야기 'fn파스'▶ 속보이는 연예뉴스 fn스타  ※ 저작권자 ⓒ 파이낸셜뉴스. 무단 전재-재배포 금지",파이낸셜뉴스,https://n.news.naver.com/mnews/article/014/0004036690?sid=101,1.0,0.8,0.8,0.0
2022-07-05,2022-07-05 00:22:01,中10억명 개인 정보 털렸다...역사상 최대 해킹에 중국선 ‘쉬쉬’,"[서울신문 나우뉴스]중국 역사상 가장 큰 규모의 개인 정보 유출 사건이 발생했다. 이번 사건으로 유출된 개인 정보는 약 10억 명의 중국인 신분증과 전화번호, 이름, 성, 출생지 등 광범위한 정보가 포함된 것으로 알려졌다. 미국 매체 자유아시아방송은 지난 3일 상하이 공안국 데이터베이스 시스템에 저장돼 있었던 중국인 10억 명의 정보가 외부 해커들의 침입으로 유출되는 초유의 사태가 발생했다고 5일 보도했다. 최근 이 분야에 정통한 창 모 씨는 이 매체와의 인터뷰를 통해 “상하이시 공안이 관리했던 데이터베이스 저장소인 클라우드에 중대한 기밀 유출 사고가 있었다”면서 “이날 유출된 개인 정보를 담은 데이터베이스의 크기가 무려 23.88TB에 달한다”고 폭로했다. 이번 사건은 중국 설립 70년 만에 발생한 최대 규모의 개인 정보 유출 사건이라는게 이 매체의 분석이다. 특히 국제 해커들의 손에 넘어간 10억 명의 중국인 개인 정보에는 온라인 상점에서 물건을 구매한 내역과 여행, 숙박업소 이용 내역, 개인이 가진 정치적 입장, 은행 신용 거래 내역, 개인 사진 등 다수가 포함돼 있을 것이라고 짐작했다. 사실상 중국의 모든 성인들의 중요 정보들은 거의 다 털렸다는 분석인 셈이다. 다만, 상하이 공안당국은 이 사건에 대해 아직까지 정확한 공식 입장을 표명하지 않은 상태다. 오히려 지난 3일부터 중국판 트위터로 불리는 웨이보 등을 통해 이와 관련한 의혹이 무수히 쏟아졌지만 대부분의 내용은 이미 차단된 상태로 알려졌다. 소셜미디어에 유통중인 중국인들의 해킹정보이 매체는 해커로 추정되는 한 인물이 텔레그램 등 소셜미디어를 통해 비트코인 20만 달러(약 2억 6천만 원)에 10억 명의 중국인 개인 정보를 판매하려 한 시도도 있었다고 전했다. 사건을 이 매체에 제보한 창 씨는 “국제 해커들 사이에서는 이미 중국인의 인구 구조와 생활습관, 범죄 여부 등에 대한 매우 개인적인 정보들이 거래되고 있을 것”이라면서 “이 정보들이 향후 보이스 피싱 등 각종 흉악 범죄에 악용될 가능성이 매우 커졌다”고 우려했다. 하지만 중국의 일부 누리꾼들은 “개인 정보 유출에 대해 민감하게 반응하는 것이 우습다”면서 “다른 사람이 내 정보를 확인해도 무방하다. 이미 하루에도 몇 차례씩 쓸데도 없는 보이스피싱 전화를 받고 있는데, 이보다 몇 차례 더 피싱 전화나 문자를 받을 가능성이 높아진 것은 큰 상황이 없다”, “10억 명의 중국인 개인 정보 거래가격으로 국제 해커들이 요구한 20만 달러는 지나치게 적은 금액이다. 충분히 그 이상의 가격을 불러도 좋을 것 같다”는 등의 반응을 이어가고 있다.",서울신문,https://n.news.naver.com/mnews/article/081/0003284732?sid=104,0.0,-1.0,-1.0,0.0
2018-02-28,2018-02-28 08:57:12,"카이버 네트워크, 3월 1일부터 에어드롭 예정","최소 2 KNC부터 최대 45 KNC까지 보상1일 오후 4시 전까지 등록 완료해야사진=카이버 네트워크[서울경제 디센터] 싱가포르 기반 암호화폐(가상화폐) 카이버 네트워크(KNC)가 다음달 1일부터 15일까지 에어드롭을 진행한다.이번 에어드롭으로 투자자들은 최소 2KNC부터 최대 45KNC까지 받을 수 있다. 카이버 네트워크는 26일(현지시간) 공식 홈페이지를 통해 “더 많은 사용자에게 카이버 네트워크 거래 시스템을 알리기 위해” 에어드롭을 진행한다고 밝혔다. 에어드롭은 본래 공중에서 물건이 떨어진다는 의미로 암호화폐를 무료로 배분하는 이벤트를 말한다. 투자자 입장에서는 무료로 암호화폐를 얻을 수 있어 큰 관심을 가지기 때문에 별도의 마케팅 없이 해당 암호화폐를 홍보하는 데 효과적이다.카이버 네트워크 에어드롭을 받으려면 먼저 3월 1일 오후 3시(한국 시간 오후 4시)까지 카이버 네트워크의 화이트리스트에 이메일 주소와 이더 거래 주소를 제출해야 한다. 3월 1일 오후 3시(한국 시간 오후 4시)부터 3월 15일 오후 3시(한국 시간 오후 4시) 사이에 카이버 네트워크 시스템에서 거래를 완료한 모든 이용자는 2KNC를 받는다. 같은 기간 내 거래 한도를 늘리기 위해 고객신원확인 프로그램에 개인 정보를 제출한 이용자는 3KNC를 추가로 수령한다. 카이버 네트워크는 거래를 장려하기 위해 에어드롭 보상 조건을 추가했다. 에어드롭 기간 동안 카이버 네트워크에서 누적 거래량 10이더를 달성한 이용자는 20KNC를 보상으로 받는다. 여기에 누적 거래량 10이더를 추가로 거래한 고객은 또 다시 20KNC를 받아 총 45KNC의 보상을 받는다. 보상 배분은 오는 4월까지 완료될 예정이다.카이버 네트워크는 암호화폐 입출금 플랫폼으로 기존 거래소가 해킹에 취약하다는 문제점을 이더리움 기반 스마트 컨트랙트로 해결하겠다는 목표를 지니고 있다. 28일 오후 3시 20분 현재 코인마켓캡 기준 시가총액 74위인 카이버 네트워크 가격은 1.97달러(약 2,135원)으로 투자자들은 이번 에어드롭을 통해 4,279원(2KNC)부터 최대 9만6,075원(45KNC)을 받을 수 있다./황보수현 인턴기자 soohyeonhb@decenter.kr[서울경제 바로가기]이제 주식시세도 서울경제에서 확인하세요 [바로가기▶]블록체인의 모든 것, 서울경제 Decenter [바로가기▶]저작권자 ⓒ 서울경제, 무단 전재 및 재배포 금지",서울경제,https://n.news.naver.com/mnews/article/011/0003233435?sid=101,0.0,0.8,0.8,0.0
2018-04-30,2018-04-30 05:54:04,"조경태 의원 ""ICO 금지로 국부·기술 유출···해외사례 살펴야""","&lt;아이뉴스24&gt;[아이뉴스24 김지수 기자] 조경태 자유한국당 의원이 ICO(Initial Coin Offering∙암호화폐공개)에 대한 정부의 전향적인 시각을 촉구했다.조 의원은 30일 오전 서울 국회 의원회관에서 열린 '한국 크립토밸리 조성 필요성과 조성 방안' 토론회에 참석해 ""ICO에 대한 무조건적인 규제에서 벗어나 창업 활성화와 관련 산업 발전 등을 고려해 균형 잡힌 시각으로 정책 방향을 세워야 한다""며 ""정부가 ICO의 메카로 불리는 스위스, 홍콩, 싱가포르의 사례를 연구할 필요가 있다고 생각한다""고 강조했다. ICO는 기업이 외부 자금을 유치하기 위해 기업공개(IPO)를 하는 것처럼 신규 암호화폐를 발행해 자금을 모으는 것을 뜻한다. 국내에서는 작년 9월 암호화폐 거래 과열과 사기성 ICO를 이유로 정부가 전면 금지 조치를 내린 상태다.ICO의 허용이 필요하다는 목소리가 끊임없이 제기되고 있지만 금융당국의 입장은 확고하다. 최훈 금융위원회 금융서비스국장은 지난달 ""최종구 금융위원장께서 최근에 말씀드렸지만 ICO 문제에 대해서는 현재 기존 정책을 변경해야 할 필요성을 느끼고 있지 않다""며 ""ICO 허용은 고려하고 있지 않고 있다""고 밝힌 바 있다.조 의원은 ""정부가 ICO를 금지하면서 국내 기업들이 해외로 나갈 수밖에 없는 상황에 있다""며 ""이로 인해 국부 및 기술 유출은 물론 한국 암호화폐 생태계가 붕괴되는 문제점을 야기하고 있다""고 정부 정책에 대해 지적했다./김지수기자 gsoo@inews24.com▶네이버 채널에서 '아이뉴스24'를 구독해주세요.▶아이뉴스TV에서 부동산 고수를 만나보세요.[ⓒ 아이뉴스24 무단전재 및 재배포 금지]",아이뉴스24,https://n.news.naver.com/mnews/article/031/0000445393?sid=101,0.0,-0.5,-0.5,0.5
2021-02-17,2021-02-17 07:21:51,"비트코인으로 돈 벌면 20%는 세금…""주식은 5천만원 공제"" 투자자들 부글부글","내년 1월부터 가상자산 소득금액에 20% 기타소득 과세250만원 공제, 수수료 등 제외…과세기간 손익통산 적용비트코인 열풍 올라탄 투자자 반발 “주식과 기준 맞춰야”[세종=이데일리 이명철 기자] 비트코인 열풍에 올라 탄 투자자들은 앞으로 세 부담 걱정에 빠지게 됐다. 정부가 내년부터 가상자산 양도차익에 대한 과세를 결정함에 따라 번 돈의 20% 가량을 세금으로 내야하기 때문이다. ‘소득 있는 곳에 세금 있다’는 과세 원칙에 따른 조치지만 최근 가상자산 가격이 크게 오르면서 투자자들의 조세 저항은 더욱 커질 전망이다.홍남기(오른쪽 첫번째) 경제부총리 겸 기획재정부 장관이 지난해 7월 20일 세종시 정부세종청사에서 가상자산에 대한 과세 방침 등이 담긴 2020년 세법개정안을 발표하고 있다. (사진=연합뉴스)내년 1월 1일 과세 적용, 올해 차익 세금 안내17일 기획재정부 등에 따르면 정부는 내년 1월 1일부터 가상자산(암호화폐·가상화폐) 소득금액에 대해 20%의 소득세를 부과한다. 당초 올해 10월 1일부터 적용할 예정이었지만 과세를 위한 인프라 준비기간을 고려해 3개월 미뤘다.내년부터는 가상자산을 양도·대여하면서 발생하는 소득에 대해 종합과세 대상에서 제외해 기타소득으로 분리과세한다. 가상자산을 양도소득세가 아닌 기타소득으로 과세하는 이유는 국제회계기준위원회에서 가상자산을 무형자산으로 구분했기 때문이다. 세법상 무형자산은 양도소득 아닌 기타소득으로 과세하고 있다는 게 기재부 설명이다.납세의무자는 연 1회(5월) 가상자산 거래소득을 신고·납부해야 한다. 과세 대상은 양도·대여 대가인 총수입금액에서 거래수수료나 세무관련 비용 등 필요경비를 뺀 소득 금액이다. 소득 금액에서 250만원을 공제한 후 남은 금액에 20% 세율로 소득세를 과세한다.예를 들어 내년 1월 가상자산 거래소인 빗썸에서 비트코인을 1억원어치를 매입해 신고 시기인 5월 전 1000만원의 차익을 남기고 매도한 투자자가 있다면 소득세를 내야 한다.양도차익은 1000만원이지만 이중 250만원은 기본 공제하고 빗썸의 평균 수수료율(0.25%)을 적용한 수수료(총 매도금액 1억1000만원의 0.25%인 27만5000원)도 과세 대상이 아니다. 해당 투자자가 내야 할 소득세는 약 723만원의 20%인 144만원대인 셈이다.가상자산 과세가 내년 1월 시행하는 만큼 올해까지 거둔 차익은 과세 대상이 아니다. 정부는 올해까지 보유한 가상자산의 취득가액은 올해 12월 31일 밤 12시 공시한 가격의 평균액으로 시가를 정할 계획이다. 올해 2000만원에 산 비트코인이 연말 5000만원까지 올랐다 하더라도 내년 양도차익의 기준은 5000만원이 된다.“동일 성격 소득, 공제 기준도 비슷하게 맞춰야”정부가 가상자산에 세금을 부과하는 이유는 과세 형평성 때문이다. 정부는 2023년 금융투자소득을 도입해 모든 상장주식 양도차익에 양도세를 부과하기로 하는 등 금융상품에 대한 과세 체계를 정비하고 있다.다만 최근 비트코인 가격이 급등하는 등 가상자산에 대한 투자 열기가 뜨거워진 탓에 투자자들의 반발이 예상된다. 주식 또한 양도세 과세 대상인 대주주 범위를 확대하려다가 일명 ‘동학개미’들의 반대에 현행 수준을 유지하는 등 정책 추진에 차질을 빚은 바 있다.가상자산도 주식처럼 과세기간 손익통산(손실과 이익을 통합 산출하는 것)을 적용하지만 손실의 이월공제는 적용하지 않는 등 다른 금융상품과 형평도 문제점으로 지목되고 있다. 주식의 경우 손실에 대해서는 5년까지 이월공제를 적용한다.특히 공제 한도가 주식은 연간 5000만원인데 비해 가상자산은 250만원에 불과해 벌써부터 가상자산 투자자들이 항의하고 있다. 청와대 국민청원 게시판에는 ‘비트코인은 250만원이상 과세 주식은 5000만원이상 과세 차별 하지 마세요’라는 글이 올라와 현재 3만6000여명의 동의를 받았다.해당 글 게시자는 “주식은 투자이익이 5000만원이 넘을 경우 추가 이익에 대해 과세하지만 비트코인은 250만원이 넘으면 과세한다”며 “세금을 내는 데 왜 차별을 두는지 묻고 싶다”고 지적했다.소득이 발생할 경우 세금을 부과하는 방침은 당연하지만 유사 성격의 투자 소득에 대해서는 비슷한 과세 기준을 적용해야 조세 저항을 줄일 수 있다고 전문가들은 전했다.안창남 강남대 세무학과 교수는 “기본적으로 비트코인이든 주식이든 개인의 투자로 돈을 버는 금융상품의 성격이 있다”며 “조세 원칙상 가상자산 과세는 바람직한 방향이지만 동일한 성격에 소득에 대해서는 비과세·공제 등의 기준을 비슷하게 맞춰야 조세 공평·중립성에 부합할 것”이라고 제언했다.이명철 (twomc@edaily.co.kr)▶ #24시간 빠른 #미리보는 뉴스 #eNews+▶ 네이버에서 '이데일리 뉴스'를 만나보세요▶ 빡침해소, 청춘뉘우스 '스냅타임'＜ⓒ종합 경제정보 미디어 이데일리 - 무단전재 &amp; 재배포 금지＞",A3면 3단,https://n.news.naver.com/mnews/article/018/0004855300?sid=101,0.0,-0.8,0.5,0.5
2020-09-15,2020-09-15 02:13:10,47조짜리 ARM 인수한 엔비디아는 어떤 기업?,"젠슨 황(Jensen Huang) 엔비디아(NVIDIA) 창립자 겸 CEO/조선닷컴미국 반도체 기업 엔비디아는 지난 14일 세계 최대 반도체 설계기업 ARM(영국)을 400억달러(약 47조원) 인수를 발표하며 단숨에 스포트라이트를 받았다. 엔비디아는 어떤 기업일까.게임·그래픽 작업 위한 GPU 업체로 시작 엔비디아는 1993년 대만 출신 미국인 젠슨 황이 커티스 프리엠·크리스 말라초스키와 손을 잡고 설립한 회사다. 원래 CPU(중앙처리장치) 생산을 목적으로 창업했는데 당시 인텔이 CPU 시장을 독점하고 있어서 그래픽처리장치(GPU)로 눈길을 돌렸다.엔비디아는 창업 초기에는 파산을 걱정할 정도로 경영이 어려웠다. 하지만 1997년 출시한 ‘RIVA128’이라는 GPU가 히트하면서 순식간에 PC용 GPU 시장의 강자로 떠올랐다.엔비디아는 현재 게임·데이터센터·가상현실(VR) 가동에 필요한 GPU 생산에 주력하고 있다. 게임과 데이터센터에 들어가는 그래픽카드가 매출의 절반 이상을 차지한다. GPU를 이용한 비트코인 채굴기 열풍으로 한때 주가가 폭등하기도 했다.AI·자율주행차 열쇠 쥔 반도체 업체로 성장 최근 엔비디아는 GPU 업체를 넘어 4차산업혁명 분야까지 사업범위를 넓히는 등 ‘반도체 공룡’으로 거듭나고 있다. GPU가 AI와 자율주행을 구현하기 위한 핵심 반도체로 떠올랐기 때문이다.GPU는 그동안 그래픽에만 집중했지만 최근에는 수많은 데이터를 동시에 처리하는 ‘병렬 연산’에 뛰어난 특징을 활용해 AI (인공지능)장비와 데이터센터 서버에도 널리 쓰이고 있다. 엔비디아는 이러한 반도체 기술력을 이용해 테슬라와 도요타·아우디·벤츠·볼보 등 글로벌 자동차 메이커와 자율주행차 개발을 협력하며 시장에서 입지를 확대하고 있다.엔비디아는 이번 ARM 인수로 고성능 컴퓨팅 시장에도 본격 진출할 것으로 보인다. 젠슨 황 CEO는 “엔비디아의 AI·그래픽 기술이 ARM의 생태계와 결합해서 IP(지적재산권) 포트폴리오를 확대하는 데 도움을 줄 것”이라고 밝혔다.[최인준 기자 pen@chosun.com] ▶ 당신을 위한 맞춤 뉴스 '뉴스레터' 신청하기▶ 집 있어도 없어도 스트레스, 혼돈의 부동산 ▶ 유용원 군사전문기자의 밀리터리시크릿 '밀톡'  ",조선일보,https://n.news.naver.com/mnews/article/023/0003561954?sid=105,0.0,0.8,0.8,0.0
2018-03-12,2018-03-12 00:12:53,"""암호화폐 투자하세요""…3700명 속인 유사수신업체","[머니투데이 유승목 기자] /삽화= 임종철 디자인기자암호화폐 거래사업으로 고수익을 보장하겠다고 속여 314억을 빼돌린 유사수신업체 대표가 경찰에 구속됐다.12일 뉴스1에 따르면 부산 동래경찰서는 유사수신업체 대표 A씨를 이날 유사수신행위 규제에 관한 법률 위반 혐의로 구속해 검찰에 송치했다고 밝혔다.A씨는 지난해 3월부터 올해 1월까지 약 10개월여 간 '암호화폐 소액주주 10만명을 모집해 한국과 미국, 중국에서 가상화폐 거래소를 동시에 개소할 예정'이라며 투자자들을 모았다. 이어 '암호화폐 1코드에 130만 원을 투자하면 10개월 뒤 200만 원을 돌려주겠다'고 속인 뒤 투자금 314억원을 가로챈 혐의를 받고 있다.이들은 부산 해운대구에 무허가 유사수신업체를 설립해 투자설명회를 열어 3787명의 투자자를 모집했다.피해신고를 접수한 경찰은 A씨와 업체 직원 19명을 차례로 검거했다.경찰 조사 결과 A씨는 빼돌린 투자금 314억원으로 개인적으로 암호화폐 거래에 투자하고 94평 아파트와 고급 외제차 등을 구입해 호화생활을 해온 것으로 드러났다.한편 최근 암호화폐를 이용한 유사수신 사기범죄가 2015년 12건에서 지난해 38건으로 꾸준히 증가하는 추세임에 따라 검찰은 4월까지 유사수신 등 불법사금융 일제단속 및 집중 신고기간을 운영해 엄중 처벌하겠다는 방침이다.▶빵~ 뜨는 따끈한 기사▶무료 만화 보고 선물도 받고~ ▶치어리더 vs 레이싱걸 유승목 기자 mok@mt.co.kr&lt;저작권자 ⓒ '돈이 보이는 리얼타임 뉴스' 머니투데이, 무단전재 및 재배포 금지&gt; ",머니투데이,https://n.news.naver.com/mnews/article/008/0004021602?sid=102,0.0,-1.0,-1.0,0.0
2023-06-11,2023-06-11 10:01:05,바이낸스 악재 파장…566억 고파이 이용자 '발동동',"바이낸스 악재로 고파이 상환 시기 밀려날 듯코인투자자 50% ""금융위가 변경신고 수리해야""[서울=뉴시스]이지영 기자 = 세계 최대 코인거래소 바이낸스 대형 악재에 국내 고파이 이용자들이 발을 동동 구르고 있다. 바이낸스가 미국 증권거래위원회(SEC)로부터 제소당하면서 고팍스 인수에 난항이 예상되기 때문이다. 현재 고파이에 묶인 566억원은 금융당국이 고팍스의 가상자산사업자 변경신고를 수리해야만 상환된다.11일 업계에 따르면 고파이 이용자들의 자금 상환이 당초 예정 시기보다 늦어지고 있다. 앞서 업계 관계자들은 고파이 미상환 자금이 이르면 5월 말 지급될 것이라고 전망한 바 있다.상환 지연의 결정적 배경으로 '바이낸스 규제 리스크'가 꼽힌다. 특히 최근 SEC의 바이낸스 제소로 해당 리스크가 더욱 심화하면서 상환 시기가 더욱 밀려날 거란 관측이 우세하다. 앞서 금융당국이 고팍스 변경신고 수리 결정을 미루면서 밝힌 배경 역시 바이낸스 규제 리스크였기 때문이다.실제로 금융위원회 금융정보분석원(FIU)은 지난 3월 바이낸스가 미국 상품선물거래위원회(CFTC)로부터 제소당했을 당시에도 관련 내용에 대한 소명을 받은 바 있다. 변경 신고한 바이낸스 인사의 적격성뿐 아니라 미국 등에서 제기한 바이낸스의 '자금세탁 개입 의혹'에 대해 면밀히 살필 의지를 내비친 것이다.이는 이번 SEC 제소에도 똑같이 적용될 전망이다. SEC 역시 CFTC와 마찬가지로 바이낸스와 자오창펑(CZ) 최고경영자(CEO) 등을 법률 위반 혐의로 고소했다는 점에서다. SEC는 현재 바이낸스가 가상자산 거래량을 부풀리는 등 기망 행위를 저질렀다고 보고 있다.금융당국 관계자는 ""바이낸스를 둘러싼 규제 리스크가 희석되지 않은 상황에서 유사한 악재가 또다시 터졌다. 변경신고 수리 과정에서 봐야 할 게 늘어났다""며 ""대주주 적격성을 살피기 위해 SEC 등 미국 금융당국의 동향을 살필 예정""이라고 말했다.이 가운데 코인투자자 10명 중 5명은 고파이 이용자 구제를 위해 금융당국이 변경신고 수리를 승인해 줘야 한다고 밝혔다.변창호 코인사관학교 운영자가 지난 8일 실시한 설문조사에 따르면 참여자 958명 중 47%는 ""금융위가 고팍스 변경신고 수리를 승인해야 한다. 피해자 구제가 우선시 돼야한다""고 응답했다.또 바이낸스 같이 자금세탁 리스크가 있는 해외 거래소의 국내 진출은 막아야 한다는 의견이 31%, 아직은 따져볼 게 많아 보류해야 한다는 의견은 22%로 나타났다. 한편 SEC는 바이낸스에 대한 압박 수위를 높이고 있는 상태다. 제소에 이어 자산동결 긴급명령까지 요청한 것이다. SEC는 이를 통해 바이낸스 자산의 소멸과 증거 인멸을 막을 방침이다. 개리 겐슬러 SEC 위원장은 성명을 통해 “자오창펑과 바이낸스는 광범위한 속임수와 이해관계 상충, 정보공개 결여 등으로 얽혀 있다""며 ""법을 회피하려 치밀하게 계산했다""고 지적했다．",뉴시스언론사 선정,https://n.news.naver.com/mnews/article/003/0011906808?sid=101,0.0,-0.8,-0.8,0.0
2023-05-30,2023-05-30 06:51:04,"짐 로저스의 경고…""80년만에 가장 큰 침체 온다""","美매체 인터뷰 ""다음 약세장은 내 생애 최악""과도한 부채, 차입 증가에 경기침체 더 심각달러 대안 찾는 외환시장…""2-3년내 악화될 것""[서울=뉴시스] 최진석 기자 = 29일(현지시간) 외신에 따르면 글로벌 투자 전문가 짐 로저스가 80년 만의 가장 큰 시장 침체에 대비하고 있다고 말했다. 사진은 지난해 2월 로저스가 한국을 찾았을 당시 모습. (공동취재사진) 2022.02.24. photo@newsis.com[서울=뉴시스] 최현호 기자 = 글로벌 투자 전문가 짐 로저스가 80년 만의 가장 큰 시장 침체가 예상된다고 말했다.29일(현지시간) 비즈니스인사이더에 따르면 로저스는 최근 리얼비전과의 인터뷰에서 이같은 최악의 시장침체를 포함, 향후 나타날 수 있는 상황과 관련한 몇 가지 경고를 내놨다.먼저 ""지난 14년 동안 부채가 엄청나게 증가했기 때문에 다음 약세장은 내 생애 최악의 시장이 될 것""이라고 말했다. 과도한 부채로 인해 발생한 2008년 금융위기 이후 차입이 더 늘었기 때문에 훨씬 더 심각한 경기침체가 임박했음을 시사한 것이다.그는 또 부채한도 인상을 둘러싼 미국의 정치적 교착 상태와 관련해 ""우리는 항상 워싱턴에 대해 걱정해야한다""면서 ""그들은 자신들이 무엇을 하고 있는지 전혀 모르고 있다""고 말했다.로저스는 달러 가치 하락과 관련해서도 ""당신은 극도로 걱정해야 한다""면서 ""많은 국가들이 끔찍한 부채 문제 때문에 미국 달러에 대한 대안을 찾기 시작했다""고 언급했다. 이어 ""나는 모든 것을 지켜보고 있다""면서 ""앞으로 2~3년 안에 통화 시장에서 나쁜 일이 일어날 것""이라고 덧붙였다.금리와 관련해선 ""전 세계적으로 더 높아질 것""이라면서 ""이번에는 인플레이션을 죽이기 위해 얼마나 높이 올릴지 모르겠다""고 말했다. 그러면서 ""전 세계적으로 지난 몇 년 간 이렇게 많은 부채, 지출, 현금 인쇄를 본 적이 없다. 그래서 이번에 이 문제(인플레이션)를 해결하려면 뭔가(금리인상) 아주 파멸적이어야 할 것""이라고 부연했다.로저스는 그외에도 ""부동산 시장, 주식 시장, 채권 시장, 외환 시장 등 모든 시장에 문제가 있을 것""이라면서 ""다가오는 상황에서 살아남으려면 현금이나 공매도에 대해 배워야 한다""고도 언급했다.그러면서 ""인플레이션이 있을 때 가장 좋은 투자처는 실물 자산이고, 실물 자산은 상품(원자재)""이라면서 ""내가 아는 가장 저렴한 자산은 여전히 상품""이라고 덧붙였다.암호화폐와 관련해선 ""전 세계 화폐가 비트코인으로 전환될 것이라고 생각하지 않는다. 디지털 머니의 세상이 되겠지만, 정부 주도의 디지털 머니가 사용될 것""이라고도 언급했다．",뉴시스언론사 선정,https://n.news.naver.com/mnews/article/003/0011886929?sid=104,0.0,-1.0,-1.0,0.0
2017-07-17,2017-07-17 00:48:48,"JP모간, 2분기 '어닝 서프라이즈'…예상치 20% 넘어","■ 경제와이드 모닝벨 '외신 분석' – 김희욱 SBSCNBC 전문위원◇ JP모간 실적보고서 : 2분기 '어닝 서프라이즈' 달성- 주당순익 1.82달러, 예상 1.58 추월- 투자은행 ·상업은행 매출 '사상최고'- CEO ""美 소비 견조, 자사 실적으로 증명""- 보통주 자본비율 12.5%, 바젤III 4.5%◇ 씨티그룹 실적보고서 : 2분기 실적호조 달성- 주당순익 1.28달러, 전망 1.21 넘어- 채권부문 순익증가 '결정적'- 韓 신용카드 등 소비자신용 '아시아 1위'- 월가 인터뷰 : 어닝 스카우트 CEO 닉 라익· 월가 은행주들 실적 '굿 스타트'· 전망 보수적이나 現 주가 정당화· S&amp;P 30개사 실적발표, 80% '호조'◇ 블룸버그 : KBW 은행지수◇ 미 노동통계청 : CPI(소비자 물가지수) '제 자리 걸음'- 6월 1.6%, 전망 1.7 ·전월 1.9 '못 미쳐'- 식료품 ·에너지 제외 시에도 ‘역부족’- 월가 인터뷰 :뉴튼 어드바이져스 리서치· 인플레 부진, Fed 가장 큰 걱정· 옐런 신중론 + 비둘기파 스탠스· '선물' 보다 '타당한 접근' 간주해야◇ 미 상무부 : 소매판매, 계절 무시 '두 달 연속' 감소- 6월 0.2%↓, 0.1%↑ 전망 뒤집어- 식음료 ·주유소 ·백화점 ·할인점 '부진'- 건축 ·온라인 쇼핑만 '웃어'- 월가 인터뷰 :베어드 증권, 브루스 비틀스· Fed 경기회복 판단 -&gt; 금리인상· 그 결과 채권 금리하락 ·주식 비싸져· 결국은 몇 년째 '골디락스' 그 자체◇ 블룸버그 : 미국채 10년물 금리- 시드니 헤럴드 모닝 : 비트코인 '운명의 날' 앞두고 급락- 8월1일 세그윗 분리 예정 ‘파문’- 비트코인 '두 종류'로 쪼개질 것- 가상통화 전체 투매, 주말 내 몸살- 월가 인터뷰 :비트코인 채굴사 앤트풀, 워 찌한· 기존 中 채굴 갑부들과 합의 불발· 세그윗 기술력 월등 불구 독과점 양산· '이익 공유' 타협 및 실현 힘들 듯◇ 日經 : 비트코인 분열사태로 1900달러 붕괴- 월가 인터뷰 :가상화폐 애널리스트 타시 마사유키· 거래량 늘어 블록 '업그레이드' 불가피· 일부 기록 삭제 우려 등 '혼란'· 개인투자자들 손절 ·차익실현 급증◇ 블룸버그 : MSCI 한국펀드 기준가(자세한 내용은 동영상을 시청하시기 바랍니다.) ☞ 의견 있는 경제채널 SBSCNBC [홈페이지] [뉴스스탠드]☞ 공식 SNS [페이스북] 저작권자 SBS플러스 &amp; SBS콘텐츠허브 무단전재-재배포 금지",SBS Biz,https://n.news.naver.com/mnews/article/374/0000135412?sid=101,0.0,0.8,0.0,0.0
2022-06-18,2022-06-18 00:30:01,"일론 머스크 테슬라 CEO, 인종차별·성희롱 의혹으로 또 피소","도지코인 사기, 트위터 지분취득 늑장공시 혐의로도 소송일론 머스크 테슬라 CEO.(사진=AFP=연합뉴스)일론 머스크 테슬라 최고경영자(CEO)가 사내 인종차별과 성희롱 논란으로 또 피소됐다.17일(현지시간) AFP통신에 따르면 테슬라 개인투자자 솔로몬 차우가 사내 인종차별과 성희롱 사건에 대해 직원들이 문제를 제기했는데도 머스크가 이를 무시했다며 텍사스주 오스틴 연방법원에 고소했다.차우는 ""독성을 지닌 직장 문화가 테슬라의 평판을 실추시키고 회사에 재정적 손실을 초래했다""고 주장했다.테슬라는 이미 인종차별이나 성희롱과 관련해 여러 차례 제소된 바 있다.캘리포니아주 공정고용주택국(DFEH)은 2월 테슬라의 프리몬트 공장에서 흑인 노동자에 대한 차별과 괴롭힘이 만연해있다며 회사를 고소했다.지난해 10월에는 프리몬트 공장에서 인종차별을 당했다는 엘리베이터 운영 직원에게 배상금을 지급하라는 배심원단 평결이 내려졌다.이밖에 머스크는 최근 암호화폐 투자자로부터 도지코인 사기 혐의로 손해배상소송을 당했고 트위터 인수와 관련해 지분 취득 늑장 공시 사유로 주주 집단소송 대상에도 올랐다.",한국경제,https://n.news.naver.com/mnews/article/015/0004713085?sid=104,0.0,-1.0,0.0,0.0
2021-09-13,2021-09-13 12:05:35,"마약도 비대면…배송은 택배로, 돈은 가상화폐로","&lt;앵커&gt;SNS를 통해 마약을 판매한 일당이 붙잡혔습니다. 고속버스 택배를 이용해 전국 곳곳에 마약을 보내고, 대금은 가상화폐로 받아 챙기며 수억 원어치를 유통시켰습니다.KNN 이태훈 기자가 보도합니다.&lt;기자&gt;마약 판매책 A 씨가 에어컨 실외기 주변에 액상 대마를 숨겨놓습니다.2시간 뒤, 한 남성이 오더니 숨겨놓은 액상 대마를 찾아내 어디론가 사라집니다.A 씨 등은 특정 장소에 숨겨놓은 마약을 찾아가게 하는 이른바 '던지기' 수법을 이용해 마약을 판매했습니다.다른 지역으로 마약을 보낼 때는 고속버스 수화물을 이용했습니다.A 씨 등은 지난해 11월부터 올해 5월까지 SNS를 통해 액상 대마와 엑스터시 등 3억 7천만 원 상당의 마약을 유통시켰습니다.거래대금은 비트코인 등 가상화폐로만 받았습니다.[이기응/부산경찰청 마약수사계장 : 추적을 피하기 위해 가상자산으로 거래를 하고 소셜미디어를 통해서만 연락을 하는 등 자신들의 신분을 노출하지 않았습니다.]A 씨 등은 인터넷에서 대량으로 구매한 마약을 비싸게 되팔았습니다.마약 구매자 50명 대부분은 대학생 등 20·30대 젊은 층이었습니다.경찰은 검거 과정에서 액상 대마 등 1억 3천만 원 상당의 마약류를 압수하고, 마약 공급처에 대한 수사도 이어나가고 있습니다.경찰은 마약 판매책과 구매자 등 모두 58명을 검거하고, 이 가운데 판매책 일당 8명은 구속송치했습니다.(영상취재 : 박영준 KNN, 영상제공 : 부산경찰청)[네이버홈에서 'SBS 뉴스'를 구독하세요!]https://media.naver.com/channel/promotion.nhn?oid=055",SBS,https://n.news.naver.com/mnews/article/055/0000920979?sid=102,0.0,-1.0,0.0,0.0
2019-10-05,2019-10-05 03:34:36,페이스북 리브라에 '먹구름'…페이팔도 철수,"비자, 마스터카드 등 금융사들 연쇄 탈퇴 조짐[아시아경제 이민우 기자] 세계 최대 규모 온라인 결제 서비스 업체 페이팔이 페이스북의 가상통화(암호화폐) '리브라' 사업에서 빠지기로 결정했다. 은행을 거치지 않고 금융 거래를 실현시키겠다는 페이스북 리브라의 목표를 확신하지 못했기 때문으로 풀이된다.4일(현지시간) 미국 경제매체 CNBC 등 주요 외신들에 따르면 페이팔은 리브라를 운영하는 연합체 '리브라협회'에서 탈퇴하기로 결정했다. 리브라 협회에는 페이스북을 포함, 최소 1000만달러(약 119억원)씩 투자할 28개 업체가 참여했다.페이팔 측은 ""리브라 협회에 더 이상 참여하지 않기로 했다""며 ""소외된 이들에게 금융 서비스를 이용할 수 있도록 하는 기존 회사 목표에 집중하기로 결정했다""고 공식 발표했다. 다만 ""아직 리브라의 이상을 지지하고 있으며 페이스북과도 다양한 형태의 제휴를 이어갈 것""이라고 덧붙였다. 페이스북과의 관계는 이어가지만 리브라 사업에 대해서는 철수하겠다는 입장이다.페이팔 뿐만 아니라 다른 업체들의 철수 조짐도 나타나고 있다. 월스트리트저널(WSJ)은 리브라 협회 참여가인 비자와 마스터카드 등 금융사들이 리브라 사업 참여를 재고하고 있다고 전했다. 이들이 추가로 탈퇴할 경우 리브라 사업 자체가 크게 흔들릴 것이란 전망이다. CNBC는 ""페이팔의 공개 탈퇴는 이 연합이 와해되기 시작했다는 신호일 수 있다""고 내다봤다.단테 디스파테 리브라협회 정책홍보실장은 성명을 통해 ""변화가 힘들다는 것은 우리도 알 고 있다""며 ""리브라 협회에 참여하는 기업들은 리브라가 이룰 미래에 대한 위험과 보상을 스스로 평가해야 한다""고 밝혔다.앞서 페이스북은 지난 6월 자체 발행 가상통화 리브라를 발표했다. 전 세계에서 은행계좌가 없는 사람이 17억명에 이르지만 이들 중 10억명은 휴대폰을 갖고 있어 리브라를 충분히 활용할 수 있다는 계산이다. 27억명에 달하는 페이스북 이용자를 기반으로 전 세계 해외 송금 수요를 흡수하고 광고 외에 다른 수익모델을 확보한다는 전략이다.하지만 발표 직후부터 금융당국과 각 정부 수반들로부터 거센 반발이 터져나왔다. 국가가 독점하던 화폐 발행, 유통의 권리를 위협하고 국제 통화 질서를 어지럽힐 것이란 우려 때문이었다.도널드 트럼프 미국 대통령은 지난 7월11일(현지시간) 자신의 트위터를 통해 ""비트코인 등 가상통화를 지지하지 않으며 리브라도 믿을 수 없다""며 ""페이스북과 다른 기업들이 은행이 되고 싶다면 국내외 은행들과 마찬가지로 은행업 인가를 요청하고 모든 금융 규제를 받아야 한다""고 비판했다.각국 금융당국에서도 일제히 우려를 표하고 있다. 제롬 파월 미국 연방준비제도(Fed) 이사회 의장도 지난 7월 10일 미 상원 금융위원회에 출석해 “개인정보 보호, 돈세탁, 소비자 보호, 금융 안정성 등의 우려를 해소할 때까지 페이스북이 리브라 프로젝트를 멈춰야 한다""고 지적했다. 브뤼노 르메르 프랑스 재정경제부 장관은 ""리브라가 기존 화폐를 대체해서는 안 된다""며 ""페이스북에 어떤 형태로든 보증을 요구할 것""이라고 했다. 러시아의 의회인 국가 두마의 아나톨리 아크사코프 금융시장위원장은 ""러시아는 리브라 사용을 허가하지 않을 것""이라고 단언했다.현재 미 하원 금융서비스위원회는 마크 저커버그 페이스북 최고경영자(CEO)를 불러 각종 의혹에 휩싸인 가상통화 사업 계획을 설명하도록 요구하는 방안을 추진 중이다.이민우 기자 letzwin@asiae.co.kr▶ 신강재강(身强財强) 해야 부자사주라고? 나는?▶ 경제 감각을 키우고 싶다면?  ▶ 재미와 지식이 가득한 '과학을읽다'&lt;ⓒ경제를 보는 눈, 세계를 보는 창 아시아경제 무단전재 배포금지&gt;",아시아경제,https://n.news.naver.com/mnews/article/277/0004547912?sid=105,0.0,-0.8,-0.8,0.5
2023-01-05,2023-01-05 22:34:03,"뉴욕증시, 긴축 공포 확산에 일제히 하락…애플 1.06%·테슬라 2.9%↓","S&amp;P 500, 1.16% 내린 3808.1 마감미국 뉴욕증시가 일제히 하락했다. 기술주 중심의 나스닥 지수는 전장보다 1.47%(153.52포인트) 내린 1만305.24로 장을 마감했다. /AP.뉴시스미국 뉴욕증시가 민간 고용 지표 호조로 긴축 우려가 커지면서 일제히 하락 마감했다.5일(현지시각) 뉴욕증권거래소(NYSE)에서 우량주 중심의 다우존스30산업평균지수는 전 거래일에 비해 1.02%(339.69포인트) 하락한 3만2930.08로 거래를 마쳤다.대형주 중심의 스탠더드앤드푸어스(S&amp;P)500지수는 전 거래일 대비 1.16%(44.87포인트) 떨어진 3808.1로 거래를 마감했다.기술주 중심의 나스닥지수는 1.47%(153.52포인트) 내린 1만305.24로 장을 마감했다.S&amp;P500 지수의 11개 부문은 에너지(1.99%)를 제외하고 모두 하락했다. △임의소비재 -0.95% △필수소비재 -0.99% △금융 -0.92% △헬스케어 -1.03% △산업 -1.09% △원자재 -1.6% △부동산 -2.89% △기술 -1.96% △커뮤니케이션 서비스 -0.55% △유틸리티 -2.22% 등을 기록했다.주요 종목들을 살펴보면 팔란티어 테크놀로지(-3.95%), AMD(-3.60%), 메타(-3.28%), 마이크로소프트(-2.96%), 스퀘어(-2.38%), 아마존(-2.37%), 세일즈포스닷컴(-2.35%), 알파벳C(-2.19%), 알파벳A(-2.13%), 스냅(-1.67%), 애플(-1.06%), 인텔(-0.43%), 메타(-0.34%) 등이 줄줄이 내렸다.특히 밈 주식으로 시장의 관심을 모았던 미국 생활용품 소매업체 베드배스앤드비욘드의 주가는 회사가 파산보호 신청을 검토 중이라는 소식에 29.88% 폭락했고, 테슬라의 주가는 12월 중국 시장의 인도 실적이 전월에 비해 크게 줄었다는 소식에 2.9% 하락했다.미국 가상자산 전문은행 실버게이트는 FTX 붕괴 여파로 뱅크런(예금 대량 인출)에 직면하면서 주가가 42.73% 급락했다.이날 시장은 미국의 민간 고용 지표와 연방준비제도(연준·Fed) 당국자 발언 지표를 주목했다.이어진 연준의 금리 인상에도 강력한 고용지표가 발표되면서 연준의 긴축 기조가 장기화할 것이라는 전망이 나오면서 투자 심리를 위축시켰다.ADP 전미 고용보고서에 따르면 12월 민간 부문 고용은 전달보다 23만5000명 증가했다. 이는 전문가 예상치인 15만3000명을 크게 웃돌았다.ADP 고용 지표는 이번 주 후반 나오는 노동부의 고용 보고서를 앞두고 미국 12월 고용시장의 상황을 판단할 수 있는 지표다.연준 역시 매파적 기조를 유지하면서 시장에서는 긴축에 대한 우려가 확산하고 있다.전날 공개된 12월 연방공개시장위원회(FOMC) 의사록은 ""2023년부터 연방기금 금리(미국의 기준금리) 목표치를 낮추기 시작하는 게 적절하다고 생각한 참석자는 한 명도 없었다""라고 밝혔다.에스더 조지 캔자스시티 연은 총재도 이날 CNBC와의 인터뷰에서 ""인플레이션에 2%로 확실히 떨어질 때까지 연준이 한동안 금리를 높은 수준에 유지해야 할 것""이라며 ""최종금리가 5% 이상이 될 것""이라고 했다.발로 뛰는 더팩트는 24시간 여러분의 제보를 기다립니다.▶카카오톡: '더팩트제보' 검색▶이메일: jebo@tf.co.kr▶뉴스 홈페이지: http://talk.tf.co.kr/bbs/report/write",더팩트,https://n.news.naver.com/mnews/article/629/0000194190?sid=101,0.0,-1.0,-1.0,0.0
2020-10-28,2020-10-28 09:23:44,"델리오, 몽골 암호화폐 금융시장 진출","몽골 기업 MDKI, 블록체인 기술 업체 헥슬란트와 협력(지디넷코리아=임유경  기자)크립토 파이낸스 전문업체 델리오(대표 정상호)는 몽골 블록체인 기업인 MDKI,  블록체인 기술 업체 헥슬란트와 협력해, 몽골 암호화폐 금융시장에 진출한다고 28일 밝혔다.MDKI는 몽골 광물 자원 운송 업체로, 최근 네덜란드 암호화폐 채굴기업 비트퓨리와 블록체인 데이터센터를 통한 공동채굴 사업을 진행 중이다.헥슬란트는 서비스형 블록체인 옥텟, 블록체인 스마트 컨트렉트 개발 및 검증, 지갑 개발 등 블록체인 기술 분야 전반에 대한 서비스를 제공하고 있다.델리오가 MDKI, 헥슬란트와 협력해 몽골 암호화폐 금융시장에 진출한다.델리오는 MDKI, 헥슬란트와 파트너십을 체결하고, 몽골 및 글로벌 시장을 대상으로 커스터디·송금· 예치·렌딩·스왑·자산운용 등 암호화폐 금융서비스를 제공할 예정이다.특히 MDKI가 보유한 몽골 내 금융·암호화폐 네트워크를 활용해 시장을 공략한다는 계획이다. MDKI는 몽골 TDB 은행, 거래소 등과 협력하고 있다.델리오 관계자는 “이번 협력을 시작으로 글로벌 암호화폐 금융시장에 본격 진출할 계획""이라며 “암호화폐 렌딩과 예치, 송금, 스왑 및 커스터디 등 델리오의 서비스가 하반기 글로벌 시장에 성공적으로 안착할 수 있도록 회사의 역량을 집중하겠다”고 말했다.임유경 기자(lyk@zdnet.co.kr) ▶ 지디넷코리아 '홈페이지' ▶ 네이버 채널 구독하기[Copyrightⓒ메가뉴스 &amp; ZDNet &amp; CNET. 무단전재 및 재배포 금지]",지디넷코리아,https://n.news.naver.com/mnews/article/092/0002203297?sid=105,0.0,0.8,0.5,0.0
2022-05-14,2022-05-14 03:56:08,"휴짓조각 된 '김치코인'…테라 권도형 ""비통하다""","""내 발명품, 모두에 고통 줬다""…실패 인정한국산 코인 루나와 테라USD(UST) 폭락 사태의 후폭풍이 거센 가운데, 테라폼랩스 권도형 최고경영자(CEO)가 사과의 뜻을 밝혔다.권 CEO는 13일(현지시간) 자신의 트위터에 ""지난 며칠간 UST 디페깅(1달러 아래로 가치 추락)으로 엄청난 충격을 받은 테라 커뮤니티 회원과 직원, 친구, 가족과 전화를 했다""며 ""내 발명품(루나·UST)이 여러분 모두에게 고통을 줘 비통하다""고 밝혔다.이번 폭락 사태와 관련해 처음으로 사과의 뜻을 밝히며 가상화폐 프로젝트의 실패를 인정한 것이다.그는 ""탈중앙화 경제에선 탈중앙화 통화가 마땅하다고 생각하지만, 현재 형태의 UST는 그런 돈이 아닐 것이라는 점이 확실하다""고 스테이블 코인 UST의 실패를 자인했다.이어 ""나를 비롯해 나와 연계된 어떤 기관도 이번 사건으로 이익을 본 게 없다""며 ""나는 (폭락 사태) 위기에 루나와 UST를 팔지 않았다""고 강조했다.그러면서 ""지금 지켜야 할 것은 테라 블록체인 공간을 가치 있게 만드는 커뮤니티와 개발자들""이라며 ""우리 커뮤니티가 앞으로 나아갈 최선의 길에 대한 공감대를 형성하고 다시 일어설 방법을 찾을 것으로 확신한다""고 말했다.루나와 UST는 최근 폭락 사태로 가치가 전혀 없는 휴짓조각이 됐고, 비트코인 급락을 초래하는 등 글로벌 가상화폐 시장에 큰 충격을 줬다.가상화폐 거래소 코인베이스에 따르면 루나의 현재 가격은 0.0001달러로 사실상 '제로'에 가깝다.1달러 가치에 연동되도록 설계된 스테이블 코인 UST 가격은 최근 24시간 동안 80% 넘게 추락한 12센트다.권 CEO는 그동안 '도 권'(Do Kwon)이라는 아이디의 트위터 계정을 통해 영문으로 트윗 글을 올리며 회원들과 소통해왔다.그는 테라폼랩스 본사가 있는 싱가포르와 한국을 오가며 일하는 것으로 알려졌지만, 현재 그가 어디에 머물고 있는지는 공개되지 않았다.권 CEO는 이날 사과 표명과 함께 '테라 생태계 부활 계획'도 공개했다.그는 10억 개 신규 토큰을 루나와 UST 보유자에게 분배하는 방식으로 테라 블록체인 네트워크 소유권을 재구성해 시스템을 다시 시작하겠다면서 회원들에게 동의 여부를 물었다.일부 투자자는 권 CEO의 제안을 지지했지만, 온라인 게시판에는 ""3만5천 달러(4천500만 원)를 잃었다"". ""내 평생의 저축을 모두 날렸다""는 항의 글이 쇄도했다.(사진=연합뉴스)",한국경제TV언론사 선정,https://n.news.naver.com/mnews/article/215/0001031549?sid=101,0.0,-0.8,-0.8,0.0
2022-08-11,2022-08-11 07:35:01,"바이낸스 NFT 플랫폼 아치루트 미스터리박스, 1차 이어 2차도 '완판'","사진=아치루트게임파이(GameFi) 기반의 신개념 웹3 UGC(User Generated Contents, 사용자 생성 콘텐츠) 게임 아치루트(ArchLoot)는 바이낸스 NFT 플랫폼에서 출시한 미스터리 박스(ArchLoot Mystery Box) 2차 물량 1000개를 완판했다고 11일 밝혔다.이는 앞서 매진된 1차 판매에 이은 것으로 1, 2차 모두 빠른 시간 내 완판을 기록했다는 설명이다. 아치루트 관계자는 ""1차 판매가 즉시 마감된 이후 바로 2차 판매를 실시했으며 이 역시 바로 마감했다""라며 ""지금까지 오픈된 모든 NFT가 빠르게 마감한 만큼 아치루트에 대한 뜨거운 기대와 인기를 실감할 수 있었다""고 말했다. 각각 200 바이낸스USD(BUSD)의 가격으로 제공되는 이번 NFT 미스터리 박스 컬렉션은 아치루트 게임에서 가장 희귀한 가젯으로 이뤄진 것이 특징이다. 아치루트의 NFT는 게이머가 자신만의 몬스터를 커스터마이징할 수 있는 희소성 있는 '신체 부품'이다. 게이머들은 이 NFT로 몬스터 아바타의 몸통, 머리, 하체, 액세서리 등을 조합해 자신만의 새로운 몬스터를 만들 수 있다. 또한 이러한 과정을 통해 예상치 못한 기술과 버프, 새로운 기능 등을 얻어 특별한 사용자 경험을 즐길 수 있다. 특히 아치루트 미스터리 박스는 EIP-4985와 BEP-129에 의해 구동된다는 점이 주목된다. 이는 업그레이드 가능한 NFT의 온체인을 구현해 사용자 수정의 모든 메타데이터를 체인에 기록한다. 이로 인해 게이머는 자신만의 몬스터를 조합하기 위해 발휘한 고유의 '창의성'을 보호할 수 있으며, 숫자 형태로 디지털 자산을 생성할 수 있다. 이를 통해 생태계 간 협업의 장벽을 크게 낮출 것이라는 전망이 나온다.아치루트 미스터리 박스 NFT 보유자는 바이낸스 플랫폼에서 티켓을 상환해 희귀성을 확인하고, 아치루트 공식 홈페이지에서 실제 NFT 신체 부위를 공개할 수 있다. 아치루트 측은 ""다음 클로즈드 베타 테스트의 입장과 함께 모든 박스 홀더들은 비교할 수 없는 방식으로 초기 혜택과 인센티브를 공유할 것""이라고 밝혔다. 아치루트는 곧 이뤄지는 클로즈드 베타 테스트 이후 이번 분기 내로 공식 출시될 예정이다.관계자는 ""아치루트는 최고 수준의 플레이 가능성과 지속성을 갖춘 게임을 만드는 길을 멈추지 않았으며, 그 결과 아치루트와 같은 게이머 주도의 프로젝트를 선보이게 됐다""라며 ""NFT 컬렉션의 성공적인 판매는 더 큰 비전을 향한 새로운 시작일 뿐이며, 다가오는 공식 런칭에서는 사용자 생성 콘텐츠의 큐레이션된 경험에서 나란히 작동하는 게임을 만나볼 수 있을 것""이라고 전했다. 조나단 유바비시우스(Jonathan Ubavicius) 아치루트 최고경영자(CEO)는 ""BNB Chain은 활발한 커뮤니티를 가로질러 물결을 일으키는 많은 GameFi 프로젝트들의 본거지""라며 ""재미와 희귀 NFT로 인한 수익성, 그밖에 정신적인 민첩성과 감정적인 방출을 촉진할 수 있는 web3 게임의 힘을 믿는다""고 말했다. 한편 아치루트는 NFT 기반의 UGC 게임으로, 전리품 스타일의 컴포저빌리티와 플레이 가능성을 갖추고 있다. BNB 체인을 기반으로 구축돼 업계 최초로 인터랙티브 게임플레이를 제공하며 업그레이드 가능한 캐릭터/프롭 NFT의 온체인 구현을 완전히 가능하게 한다. 현재 세계 유수의 게임 퍼블리셔, 블록체인 프로젝트, 금융 엘리트들이 함께 하고 있으며 바이낸스 NFT, FBG Capital, Alphabet, YGG SEA를 포함한 투자자 및 협업 네트워크를 확장하고 있다. &lt;블록체인·가상자산(코인) 투자 정보 플랫폼(앱) '블루밍비트'에서 더 많은 소식을 받아보실 수 있습니다&gt;",한국경제,https://n.news.naver.com/mnews/article/015/0004735906?sid=105,0.0,0.8,0.8,0.0
2021-05-03,2021-05-03 00:11:35,"빗썸, 가정의 달 맞아 취약계층 어린이에 학용품·영양제 지원","(빗썸 제공) © 뉴스1(서울=뉴스1) 김근욱 기자 = 국내 암호화폐 거래소 빗썸이 5월 가정의 달을 맞아 취약계층 어린이 지원에 나선다.빗썸은 대한적십자사와 함께 이달부터 6월 초까지 한달 여 동안 'ON전한 너의 삶을 응원해' 캠페인을 진행한다고 3일 밝혔다. 빗썸은 해당 캠페인을 통해 경제적으로 어려움을 겪고 있는 취약계층 어린이와 청소년을 위해 학용품, 영양제 등 선물세트와 가족 식사 상품권을 제공한다.특히 이번 캠페인은 복지정책의 지원이 미치지 못하는 서울·경기 지역의 취약계층 가정을 선별해 우선 지원하는 방식으로 진행된다고 회사 측은 밝혔다.빗썸 관계자는 ""5월 가정의 달의 맞아 취약계층 어린이들이 따듯한 온정을 느끼고 희망을 가질 수 있도록 이번 캠페인을 진행하게 됐다""며 ""어려운 환경에 있는 어린이와 청소년들이 가족과 함께 식사를 하며 행복한 시간을 보내길 바란다""고 말했다.ukgeun@news1.kr▶ 네이버 메인에서 [뉴스1] 구독하기!▶  뉴스1&amp;BBC 한글 뉴스 ▶ 뉴스1 미래포럼 2021 © 뉴스1코리아(news1.kr), 무단 전재 및 재배포 금지",뉴스1,https://n.news.naver.com/mnews/article/421/0005327176?sid=105,0.0,0.8,0.0,0.0
2022-01-14,2022-01-14 01:18:01,"KT알파, 메타버스 기반 디지털 거래 플랫폼 만든다","지난 13일 김정선(왼쪽 1번째) 한국토지신탁 대표, 정기호(왼쪽 2번째) KT알파 대표, 최준용 후오비코리아 공동대표가 서울 강남구 한국토지신탁 본사에서 열린 ‘메타버스 및 NFT 등 시닉술 비즈니스 협력 업무협약식’에 참여해 기념 촬영을 하고 있다. / 사진=KT[서울경제] KT(030200)의 유통 자회사 KT알파(케이티알파(036030))가 부동산금융회사 한국토지신탁(034830), 가상자산 사업자 후오비코리아와 손을 잡고 메타버스 기반의 암호화폐 및 디지털 자산 거래 시스템 개발에 나선다.14일 KT알파는 한국토지신탁, 후오비 코리아와 메타버스 제휴협력을 위한 업무협약(MOU)을 체결했다고 밝혔다. 이번 협약에 따라 3사는 가상토지, 가상부동산과 같은 가상자산에 대한 거래시스템을 구축하고, 메타버스 기반의 디지털 아이템 거래 및 콘텐츠형 서비스 개발을 통해 미래 경쟁력을 확보해 나갈 계획이다.KT알파는 메타버스 월드맵 플랫폼 구축과 쇼핑, 콘텐츠 등 거래 서비스 발굴·운영을 맡는다. 한국토지신탁은 대체불가능토큰(NFT) 기반 가상부동산 환경 조성 및 분양(임대)과 가상자산을 활용한 금융시스템 구상을, 후오비코리아는 가상자산·아이템 NFT 거래를 담당한다.한국토지신탁은 업계 최대 수준의 자본 규모와 업력을 기반으로 국내 부동산 신탁업계를 선도해 온 종합 부동산 금융회사로, 최근에는 NFT, 메타버스, 블록체인 등 미래형 사업으로의 진출을 위한 전담TF팀을 신설하는 등 신규 사업분야에서도 적극적인 모습을 보이고 있다. 후오비코리아는 글로벌 상위 거래소인 후오비 그룹의 한국 법인으로, 글로벌 거래소 최초로 국내 ISMS(정보보호 관리체계) 인증을 획득했으며, 금융위원회 금융정보분석원(FIU)에서 가상자산사업자(VASP) 자격을 얻었다.정기호 KT알파 대표이사는 “올 상반기부터 본격적으로 ‘옴니버스 메타밸리(가칭)’ 플랫폼 구축사업에 착수할 예정”이라며, “향후 KT알파의 주요 사업군인 K쇼핑, 콘텐츠 유통 등도 플랫폼 내 거래 서비스 형태로 만나볼 수 있도록 구현해나갈 것”이라고 말했다.한편, KT알파는 1991년 설립 이후 30여년간 축적해온 기술력을 바탕으로 빅데이터, 가상현실(VR), 인공지능(AI), 사물인터넷(IoT), 블록체인 등 정보통신기술(ICT) 플랫폼 및 솔루션 서비스를 제공하고 있으며, T커머스 ‘K쇼핑’ 운영 및 모바일쿠폰 ‘기프티쇼’, 디지털 콘텐츠 유통사업을 전개하고 있다.",서울경제,https://n.news.naver.com/mnews/article/011/0004008078?sid=101,0.0,0.8,0.8,0.0
2020-10-07,2020-10-07 00:07:06,"英 FCA, 암호화폐 파생상품 금지...""크립토 반감 드러내"" 外","[英 FCA, 암호화폐 파생상품 금지...""크립토 반감 드러내""]6일(현지시간) 코인텔레그래프(Cointelegraph)는 암호화폐 파생상품 판매를 전면 금지한 영국 금융감독청(FCA)의 결정이 암호화폐에 대한 해당 기관의 반감을 드러낸다고 전했다. 매체에 따르면 영국 런던 소재 디지털 자산 전문 자산운용사 코인셰어스(CoinShares)의 고위 관계자 Townsend Lansing는 “거래 금지 조치가 부당하다는 업계 전문가들의 만류에도 불구하고 FCA가 금지 목록에 암호화폐 상장지수증권(ETN)을 포함 시켰다”며 “ETN을 포함한 암호화폐 기반 금융 파생상품의 개인 대상 영업을 금지한 FCA의 결정에 실망했다”고 밝혔다. 이어 “이러한 조치는 개인 투자자를 정식 규제를 받지 않는 암호화폐 거래소로 몰아넣는 결과를 초래할 것”이라고 경고했다. 또한 파생상품에 대한 판매 금지 조치는 암호화폐에 대한 FCA의 반감을 드러낸 것이라고 분석했다. 앞서 복수의 외신에 따르면 영국 금융행위관리국(FCA)이 개인소비자 대상 암호화 자산 파생상품 판매를 금지했다. 해당 금지령은 내년 1월 6일 발효된다.[트럼프, 코로나 부양책 협상 중단 지시]6일(현지시간) 도널드 트럼프 미국 대통령이 대선 전까지 민주당 협상팀과의 코로나19 5차 부양책 협상 중단을 지시했다. 그는 자신의 트위터를 통해 민주당 측 낸시 펠로시 하원 의장을 언급하며 ""우리가 1조6000억 달러 규모의 관대한 방안을 제시했지만 그는 이전과 다름 없이 성의 없는 협상 모습을 보이고 있다""고 강조했다.[구글 클라우드 EOS BP 참여 예정...EOS 강세]블록원이 EOS 커뮤니티에 구글 클라우드가 참여한다고 밝혔다. 구글 클라우드 개발자 앨런 데이에 따르면 구글 클라우드는 향후 EOS BP로 네트워크 운영에 참여한다는 계획이다. 해당 소식이 전해진 후 EOS는 10%대의 상승폭을 기록하며 2.6 달러를 돌파했다.[골드만삭스 前 CTO, 블록원 자문 위원장으로 합류]더 블록에 따르면, 골드만삭스 전 CTO인 마티 차베스가 EOSIO 개발사 블록원 자문 위원회 위원장으로 합류했다. 차베스는 크리스 지안카를로 전 CFTC 위원장의 자문역을 맡고 있기도 하다. 미디어는 차베스에 대해 ""월가에서 가장 유명한 테크니션 중 한 명이 암호화폐 업계로 유입됐다""고 평가했다. 블록원은 구글 클라우드가 EOS BP로 참여한다는 뉴스와 함께 해당 소식을 전했다.[외신 ""美 법원, XRP 유가증권 집단 소송 기각 요청 일부 인정""]지난해 리플(Ripple)사가 자사 가상통화 XRP 유가증권 문제를 둘러싼 집단소송에 대해 재판부에 소송 기각 요청 서류를 제출한 가운데, 최근 법원이 이를 일부 인정하는 판결을 내린 것으로 알려졌다. 암호화폐 전문 미디어 코인데스크에 따르면 지난주 미국 캘리포니아주 Phyllis J. Hamilton 판사는 리플사 및 브래드 갈링하우스(Brad Garlinghouse) 리플 최고경영자(CEO)에 대한 10건의 주장을 기각하라는 리플사 주장 일부를 인정했다. 이에 일각에서는 리플사가 증권법 사기 소송 관련 일부 유리한 고지를 점했다는 평가를 내놨다고 미디어는 전했다. 다만 해당 판사는 갈링하우스가 XRP 투자 상황 관련 일부 정보를 왜곡했다는 주장에 대한 기각 요청은 받아들이지 않은 것으로 알려졌다. 앞서 2018년 일부 투자자는 리플사가 2013년 일반 투자자 대상 XRP를 판매한 것이 증권법 위반이라며 소송을 제기한 바 있다.[美 유명 금융 리서치 기업 CEO ""비트코인 다 팔았다""]美 유명 금융 리서치 기업 헷지아이 리스크 메니지먼트의 키스 맥컬러프 CEO가 자신의 트위터를 통해 ""보유한 비트코인을 모두 팔았다""고 밝혔다.[리플 회장 ""리플, 적대적 환경 바뀌지 않으면 미국 떠난다""]크리스 라센 리플 이사회 의장이 ""미국 정부의 암호화폐에 대한 적대적인 입장이 바뀌지 않으면 미국을 떠나겠다""고 포춘지와의 인터뷰에서 밝혔다. 그러면서 그는 ""지금과 같은 환경이 개선되지 않으면 싱가포르, 영국 등 국가로 리플이 옮겨갈 수 있다""고 강조했다. 그는 이어 ""거의 대부분의 국가들이 미국보다 암호화폐에 더 잘 대처하고 있다""며 ""미국은 중국이 디지털 화폐 혁신을 주도하도록 만들고 있다""고 지적했다. 리플은 현재 미국 금융 당국과 XRP의 증권 취급 여부를 놓고 갈등하고 있다.[삼성 블록체인 월렛 자금세탁방지 계약 체결… 보안성 강화]5일(현지시간) 블록체인 사이버 보안 전문 기업인 웁살라시큐리티(Uppsala Security)가 삼성전자와 ‘블록체인 서비스 AML(자금세탁방지) 통합 계약’을 체결했다고 밝혔다. 이에 따라 전세계에서 수집한 위협 데이터베이스(TRDB)를 기반으로 구축한 AML 솔루션이 삼성전자 가상자산 지갑 서비스 ‘삼성 블록체인 월렛’에 직접 연동된다. 향후 삼성 블록체인 월렛 이용자는 가상자산 송금시 상대 월렛의 해킹,다크웹 등 범죄 사용 이력을 사전 조회하게 된다. 뿐만 아니라 해킹 등으로 이용자의 디지털 자산이 손실될 경우 상세 내역 페이지 내 ‘센티넬 포털(Sentinel Portal)’ 서비스를 통해 신고 및 추적요청을 할 수 있다. 또한 경찰 및 사법기관 제출을 위한 ‘거래 추적 보고서’를 제공받을 수 있다. 해당 서비스는 위험거래 탐지 시 푸시 알림을 통해 이용자에게 이를 즉시 알려준다. 웁살라시큐리티는 “프라이빗키 유출, 자격증명 해킹 등으로 자산이 유출될 경우 이용자가 이를 즉각 인지하기 어렵다”며 “향후 삼성 블록체인 월렛 이용자는 AML 솔루션을 통해 비정상적 거래를 즉각 알아차리게 될 것”이라고 설명했다.[코인니스 제공]▶ 네이버 메인에서 '매일경제'를 받아보세요▶ 궁금한 제조과정 영상으로 보세요. '이렇게 만들죠'▶ 매일매일 색다른 뉴스레터 '매콤달콤' 구독하세요[ⓒ 매일경제 &amp; mk.co.kr, 무단전재 및 재배포 금지]",매일경제,https://n.news.naver.com/mnews/article/009/0004669379?sid=105,0.0,-1.0,-1.0,0.0
2017-05-23,2017-05-23 04:00:31,랜섬웨어 100% 복구?…암호 해독 기술 없어,"[앵커] '워너크라이 랜섬웨어' 바이러스 확산이 좀처럼 사그라지지 않고 있습니다. 감염 피해로 데이터 복구업체를 찾는 분들 많으실 텐데요. 데이터 복구가 절실한 사람들을 상대로 수수료만 챙기는 곳이 많아 주의하셔야겠습니다. 한지이 기자입니다.[기자]인터넷에 '랜섬웨어 복구'라고 치자 업체 수십 개가 나타납니다.워너크라이 랜섬웨어 피해가 늘면서 일반 데이터 복구를 해주던 사설 업체들이 간판만 바꿔 단 것입니다.이들은 자체 프로그램을 가지고 있어 데이터를 완벽하게 복구할 수 있다고 강조합니다.&lt;사설 복구업체&gt; ""대부분의 랜섬웨어는 해제가 가능해요. 신종이더라도 저희 쪽에서 분석해서 처리하고 있고요.""하지만 피해를 원래대로 돌리는 '복구키'는 랜섬웨어 공격자인 해커만 쥐고 있습니다.현재 해커 외에 랜섬웨어 피해를 완전히 복구할 수 있는 기술은 없습니다.이 사이트들은 단지 피해자들에게 돈을 받고 해커에게 복구키를 요구하는 중개인에 불과한 것입니다.&lt;최상명 / 하우리 사이버침해대응&gt; ""복구 대행업체 같은 경우에는 해커에게 지불해야 될 비트코인 비용을 제외하고 20만 원~30만 원 정도의 수수료를 받고 복구화 키를 받아서 복구를 해주는 경우인데요. 현재 기술로는 완벽하게 복구하는 것은 어렵습니다.""한국랜섬웨어 침해대응센터에 따르면 지난해 국내 랜섬웨어 감염 피해자는 13만 명으로 100억 원 이상의 비트코인이 해커에게 전달된 것으로 추정하고 있습니다. 보안 전문가들은 신종 랜섬웨어에 감염된 PC의 파일이 복구되는 경우는 없으므로 2차 금전 피해가 생기지 않도록 주의해야 한다고 조언합니다. 연합뉴스TV 한지이입니다.연합뉴스TV : 02-398-4441(기사문의) 4409(제보), 카톡/라인 jebo23 ▶ 연합뉴스TV 생방송 시청�� ▶ 뉴스스탠드 구독 ▶ 대한민국 뉴스의 시작, 연합뉴스TV 앱 다운받기",연합뉴스TV,https://n.news.naver.com/mnews/article/422/0000257604?sid=105,0.0,-1.0,0.0,0.0
2021-04-02,2021-04-02 20:06:00,"""왜 비트코인?""…김진화 코빗 창업자가 본 시장은","코빗 유튜브서 현 가상자산 시장 의견 밝혀""비트코인 가치저장 매력…테슬라도 투자""""CBDC 영향? 영역이 달라…경쟁 안할 것""[서울=뉴시스] 유자비 기자 = 가상자산거래소 코빗의 공동 창업자인 김진화 전 대표가 최근 고공행진을 이어가는 비트코인에 대해 ""가치 저장 수단으로 경쟁력이 있다""고 밝혔다. 또 중앙은행 발행 디지털화폐(CBDC)의 등장이 비트코인에 미칠 영향과 관련해선 ""영역이 다르다""라며 ""경쟁하고 다툴 가능성은 없다""라고 전망했다. 3일 업계에 따르면 김 전 대표는 코빗 유튜브의 '코빗 랩(korbit LAB)' 코너에 나와 이같이 밝혔다. 지난 1~2일 공개된 영상에서 그는 2018년 방송된 JTBC 긴급토론 '가상통화, 신세계인가 신기루인가' 영상을 보며 현재 가상자산 시장에 대한 의견을 밝혔다. 당시 그는 한국블록체인협회의 준비위원회 대표 자격으로 토론에 참여했다.3년 전 투자 광풍 이후 급락했던 비트코인은 지난해부터 무섭게 치솟고 있다. 올해 들어선 1월 3000만원을 돌파하더니 테슬라의 투자 등 호재가 이어지며 지난달 7000만원도 넘어섰다. 전날 오후 6시 기준 코빗에서 비트코인은 개당 7350만원선에서 거래됐다.김 전 대표는 비트코인에 대해 가치저장 수단으로 기업들도 주목하고 있다고 판단했다. 그는 비트코인이 화폐의 3대 조건(가치의 척도, 가치의 저장, 교환의 매개)을 충족하는지에 대해 ""가치 척도의 역할을 하기는 어렵다고 3년 전에도 언급했었다""면서 ""한가지가 부족해도 화폐 비슷하게 발전할 수 있느냐가 미래예측, 기술 분석에 필요한 것""이라고 밝혔다. 그는 ""3년이 지나면서 입증됐지만 비트코인이 가치 저장으로 가장 경쟁력이 있지 않나. 테슬라도 잉여자금을 투자하기 시작했다""라고 강조했다. 그는 ""명목화폐도 화폐 기능을 동시에 잘하기 힘들다. 코로나로 심각해진 양적 완화로 'Cash is trash'라는 말도 나온다""라며 ""비트코인은 자생적인 화폐다. 성장하기를 기다리면서 지켜볼 필요가 있다""라고 말했다. 김 전 대표는 또 ""비트코인은 주인이 없다. 사람 영향을 가장 덜 받는 포지션을 차지했기 때문에 가장 인기가 많다""며 ""왜 비트코인이 기능도 떨어지는데 상장기업도 투자하고 금의 대체자산으로 위협하는지 답이 나온다""라고 분석했다.그는 ""다른 코인은 창업자들이 살아있고 개발자들이 살아있고 영향력이 남아있다""며 ""비트코인은 가장 분산화가 잘 돼있고 나카모토 사토시(비트코인 창시자·가명)가 누군지 모른다. 그래서 공정하고 믿을 수 있다고 사람들이 생각하는 것""이라고 덧붙였다.CBDC가 미칠 영향에 대해선 ""영역이 다르다""며 ""경쟁 가능성이 없다""고 전망했다. 그는 ""국가들이 중앙은행 디지털화폐를 발행하면 암호자산(암호화폐)이 망할 것이란 이야기가 있는데 다른 이야기""라며 ""기존 국가가 발행하는 화폐가 제 기능을 못하기 때문에 사람들이 자율적으로 선택하는 것""이라고 강조했다. 이어 ""중앙은행이 블록체인 방식으로 디지털화폐를 발행하든 안 하든 사람들을 만족시키지 못하는 부분이 있다""라며 ""이번에도 드러났지만 (화폐가치가 떨어지면) 헤징할 수단이 필요하고 이에 새 자산시장이 형성되고 있다""라고 설명했다.1976년생인 김 전 대표는 2013년 문을 연 국내 최초의 가상화폐거래소 '코빗' 공동창업자다. 또 창업지원 전문기관 타이드인스티튜트, 국내 암호화폐·블록체인 기업들이 참여하는 한국블록체인협회를 공동설립한 바 있다.☞공감언론 뉴시스 jabiu@newsis.com▶ 네이버에서 뉴시스 구독하기▶ K-Artprice, 유명 미술작품 가격 공개▶ 뉴시스 빅데이터 MSI 주가시세표 바로가기&lt;ⓒ 공감언론 뉴시스통신사. 무단전재-재배포 금지&gt;",뉴시스,https://n.news.naver.com/mnews/article/003/0010427901?sid=101,0.0,0.8,0.8,0.0
2022-07-20,2022-07-20 14:09:01,"[단독]해시드, 테라·루나 폭락 전 1300억 매도…모럴헤저드 논란","테라·루나 폭락 전 1300억 어치 리워드 매도한 해시드해시드 측 ""리워드 판 것 문제 없어"" vs 업계 ""모럴헤저드""""문제는 리워드 덤핑 물량…비상식적인 양, 시장 교란""매도 와중에도 김서준 대표 ""테라, 성장통 겪는 중""[이데일리 김연지 기자] 테라·루나 폭락 사태에 대한 논란이 쉽게 사그라지지 않는 가운데 해당 프로젝트를 크게 지지했던 블록체인 전문 투자사 해시드가 사건이 터지기 5개월 전부터 약 1300억 원 어치의 루나를 매도해온 것으로 확인됐다. 해시드 측은 초기 투자시 획득한 기존 코인을 건드린 것이 아니라 테라 블록체인 네트워크(메인넷) 출시 이후 꾸준히 획득한 스테이킹 리워드(Staking Reward, 특정 가상자산을 일정 기간 예치하면 그 대가로 가상자산을 보상으로 얹어주는 형태)를 매도한 것이라 문제가 없다는 입장이지만, 관련 업계에서는 아무리 리워드로 획득한 코인이더라도 5개월 만에 1300억 원 어치를 매도하는 것은 시장 질서를 교란시킬 수 있는 행위라는 지적을 내놓는다.[이데일리 문승용 기자] 5개월 만에 1300억어치 매도…모럴헤저드 ↑20일 이데일리가 해시드의 테라 지갑 데이터를 역추적한 결과 해시드 측은 사태가 터지기 전인 지난 12월 말부터 약 8차례에 걸쳐 루나 코인(현 루나 클래식) 1260억 원(현 환율 기준) 어치를 바이낸스 계정으로 이체했다. 당시는 루나 시세가 약 80~100달러를 오갈 때로, 매 송금 시 최소 280만 달러(약 37억 원)에서 많게는 2000만 달러(약 261억 원)에 가깝게 송금 작업을 진행했다. 해당 바이낸스 계정은 테라·루나를 예치할 수 있는 바이낸스 입금 주소로, 지난 몇 달에 걸쳐 테라·루나 외에도 대규모의 다양한 코인이 입금된 바 있다. 온체인 데이터를 전문적으로 분석하는 국내 한 기술사 관계자는 “해시드 계정에서 해당 바이낸스 입금 주소로 여러 번 송금한 내역이 뜨는데다 송금 시 사용한 메모 값도 같다”고 설명했다.테라 거래 기록을 확인할 수 있는 ‘테라 파인더’에 따르면 지난 12월 말 해시드 측은 자체 지갑에서 11만 개의 루나를 바이낸스 입금 주소로 이체했다. 이어 지난 3월 24일과 31일에는 각각 20만 개와 8만7000개의 루나를, 4월에는 세 차례에 걸쳐 약 60만 개의 루나를 이체해 매도했다. 폭락 사태가 일어나기 직전까지도 매도 작업은 이어졌다. 지난 5월 3일과 6일 해시드 계정에서는 총 13만 개 이상의 루나가 바이낸스 주소로 이체됐다. 올초부터 5월 6일까지 해시드 계정에서 바이낸스 입금 주소로 송금된 루나(현 루나클래식)./사진=테라파인더 갈무리 매도 와중에도 “테라, 성장통 겪을 뿐”해시드 측은 이러한 매도 행각에 특별히 문제가 없다는 입장이다. 해시드 관계자는 “노드 운영 유지를 위한 비용 충당 및 재투자 차원에서 리워드를 주기적으로 매도하는 것은 노드 운영자(밸리데이터)들의 기본적인 운영 행태”라며 “10여 개의 테라 기반 프로젝트에 총 1000억 원 이상의 금액을 재투자하기도 했다”고 말했다.핵심은 재투자 여부와는 별개로 매도 물량이 지나치게 큰 데다 짧은 기간에 이뤄졌다는 게 업계 지적이다. 타 밸리데이터들의 루나 리워드 매도 내역과 견줘도 해시드의 주장에 어패가 있다는 설명이 뒤따른다. 예컨대 해시드와 같은 테라 밸리데이터인 DSRV가 테라 노드를 운영한 이후로 바이낸스로 이체한 물량은 지난해 10월과 11월, 12월 세 차례뿐이며, 수량도 2만6810개에 불과하다. 상대적으로 DSRV의 보팅 파워(3.9%)가 해시드(5.9%) 대비 낮긴 하지만, 이를 고려해도 해시드가 지나치게 많은 물량을 매도했다는 것이 업계 전언이다. 지난 2017년부터 글로벌 프로젝트를 운영해온 업계 한 관계자는 “아무리 리워드를 매도하더라도 시장에 영향을 주지 않을 정도로 조절하는 것은 크립토펀드사가 지켜야 할 기본적인 매너”라며 “매도 후 재투자를 하더라도 한 밸리데이터가 이렇게 많은 물량을 매도하는 것은 시장 질서를 교란하는 행위로, 규제할 필요가 있다”고 말했다.한편 김서준 해시드 대표는 테라·루나 프로젝트에 초기 투자를 집행하며 조력자 역할을 톡톡히 해왔다. 지난 2019년만 해도 김 대표는 미디움에 ‘루나의 적정 가격은 얼마일까’라는 제목을 글을 게재하며 티몬과 야놀자, CU, BC카드 등이 테라 생태계에 참여한다는 점을 피력했다. 특히 “최초의 투자 결정은 ‘대중화된 스테이블코인’ 이라는 비전에 대한 믿음으로 진행됐지만, 어느덧 객관적으로 가치 평가를 할 수 있는 다양한 지표와 증거들이 쌓이고 있다”며 테라·루나의 가치 상승을 전망하기도 했다. 사건이 터진 뒤에도 김 대표는 테라·루나를 옹호했다. 그는 테라의 스테이블코인(UST) 고정 가격이 무너진 것에 대해 “지금은 그간 없었던 성장통에 직면한 것”이라며 “유동성은 무너졌지만, 가격 연동 메커니즘 자체는 잘 보존됐고, 충분한 유동성이 공급되면 UST 가격은 1달러로 돌아올 것”이라고 밝혔다.",이데일리언론사 선정,https://n.news.naver.com/mnews/article/018/0005273129?sid=101,0.0,0.5,0.5,-0.8
